1,Alfalfa cubes,,,100,91,18.1,39.3,8.2,,,2.1,12,1.3,45.5,7.6,56,2,1.2,0.6,31,5.1,30,30,5.5,49.3,75,75,92,1.16,0.47,1.09,1.67,1.09,0.13,,1.14,,0.9,0.33,1.29,1.49,0.28,0.28,0.7,2.05,0.16,0.25,0.77,8.54,,648.5,44.1,0.8,24.3,19.3,1,
2,Alfalfa dehy,,,100,93.8,18.5,28,17,,,4,10.3,0.9,40.4,14.4,62.4,2.3,1.4,0.8,46,5.4,37,37,10,54.1,75,75,6,1.18,0.48,1.11,1.71,1.11,0.13,,1.17,,0.92,0.34,1.32,2.23,0.32,0.32,0.27,2.32,0.05,0.28,0.19,11.17,0.1,309,65.3,0.3,50.2,33,,91
3,Alfalfa fresh,,,100,30.7,23.1,50,8.7,,,1.5,6.2,22.5,37.9,10,63,2.3,1.4,0.8,8,5.7,25,25,5.5,43.5,75,75,82,0.56,0.15,0.72,1.48,0.74,0.28,,0.96,,0.76,0.42,,1.77,0.37,0.37,,2.92,0.12,0.33,0.65,8.31,0.2,252,39.7,0.2,24.7,155,,
4,Alfalfa greenchop,,,100,40.5,23.1,12.4,6.5,7.1,,2.5,11.1,2.1,34.4,6.2,59,2.1,1.3,0.7,46,5.4,37,37,10,54.1,75,75,6,1.48,0.61,1.39,2.14,1.39,0.17,,1.46,,1.16,0.43,1.65,1.51,0.35,0.35,0.66,2.88,0.07,0.21,0.19,10.5,0.1,309,31,0.3,21,33,,91
5,Alfalfa hay,,,100,87,19.8,25.2,12.2,8.7,,1.5,11.9,3,41.7,6.8,55.2,2,1.1,0.6,25,5.1,30,30,5.5,49.3,75,75,92,1.27,0.52,1.19,1.83,1.19,0.14,,1.25,,0.99,0.36,1.41,1.47,0.3,0.3,0.52,2.55,0.1,0.26,0.41,7.82,,170,44.5,0.6,23.5,19.3,1,
6,Alfalfa haylage,,,100,41,20.1,25.2,13.7,1.9,,2,12.1,1.9,42.5,6.4,63,2.3,1.4,0.8,46,5.4,37,37,10,54.1,75,75,6,1.28,0.53,1.21,1.86,1.21,0.15,,1.27,,1.01,0.37,1.44,1.56,0.33,0.33,0.63,2.75,0.13,0.31,0.19,7.84,0.1,309,42.4,0.3,25,33,,91
7,Almond hulls,,,100,89.2,5.5,40.9,11.5,15.1,,2.8,8.3,2.5,39,11.1,59.1,2.1,1.3,0.7,46.9,10.8,25,25,6,58.2,75,75,100,0.65,0.13,0.24,0.37,0.28,0.1,,0.36,,0.23,0.02,0.3,0.3,0.11,0.11,0.09,2.38,0.02,0.04,0.02,7.06,,368.1,20.9,0,16.3,,,
8,Apple pomace,,,100,18.5,6.4,20.2,10.6,,,6.1,3.1,4,45.6,14.9,70.9,2.6,1.7,1.1,56.8,10.7,50,50,5,33,75,75,34,0.18,0.06,0.18,0.35,0.18,0.04,,0.22,,0.18,0.29,0.24,0.15,0.09,0.09,0.04,0.83,0.02,0.08,,8.36,,105.6,10.8,,7.8,,,
9,Bakery products,,,,88.9,13.1,23.2,5.7,6.3,,10,4.1,37.6,13.9,2,91.9,3.3,2.3,1.6,33.4,9.7,16,16,7,81.9,75,75,,0.63,0.17,0.6,0.98,0.42,0.23,,0.54,,0.65,0.13,0.57,0.26,0.15,0.15,0.8,0.53,0.59,0.16,1.34,6.75,,192.4,44.4,,43.1,7.7,,44.9
10,Barley grain,,,,89.7,12.8,27.6,2.2,10.7,,2.2,2.8,56.7,18.3,1.7,84.1,3,2.1,1.4,50.8,10.4,30,30,5,79.2,75,75,34,0.62,0.29,0.5,0.87,0.39,0.1,,0.72,,0.4,0.16,0.62,0.08,0.13,0.13,0.17,0.53,0.02,0.14,0.35,6.12,0.1,99.4,21.8,1,30.6,3.8,,26.2
11,Barley grain flaked,,,,81.1,12.5,17,5,,,2,2.9,59.3,26.3,1.9,84,3,2.1,1.4,33.1,10.4,30,30,5,79.2,75,75,34,0.61,0.29,0.49,0.86,0.38,0.1,,0.7,,0.39,0.16,0.61,0.11,0.15,0.15,0.13,0.56,0.03,0.14,0.35,5.43,0.1,59.5,14.7,0.2,31.2,3.8,,26.2
12,Barley hay,,,100,88,10.9,44.7,4.1,,,2.4,8.4,5.7,56.9,4.3,60.2,2.2,1.3,0.7,32.8,3.6,30,30,3,74.8,75,75,98,0.31,0.11,0.31,0.6,0.31,0.07,,0.38,,0.31,0.49,0.42,0.37,0.18,0.18,0.88,1.92,0.23,0.18,1.67,7.05,,310.2,35.1,,25.4,15,,
13,Barley silage,,,100,33.6,12,65.3,4.9,,,3.5,8.6,9.2,54.8,4.8,60.6,2.2,1.3,0.8,20.8,8.3,50,50,4,54,75,75,65,0.21,0.22,0.44,0.77,0.44,0.21,,0.47,,0.47,0.16,0.66,0.41,0.18,0.18,0.86,2.06,0.19,0.19,1.41,6.94,,353,38.5,0.2,28.3,,,
14,Barley straw,,,100,85.1,6.1,48,0.6,,,1,12.1,14.9,71.6,5.2,48.3,1.7,0.9,0.4,35.8,2.5,30,30,6,74.6,75,75,34,0.71,0.13,0.22,0.41,0.21,0.07,,0.31,,0.17,0.06,0.27,0.52,0.18,0.18,0.39,2.29,0.52,0.21,,5.1,,200,42.7,0.4,25.4,,,4
15,"Beet pulp, dry",,,,91.5,9.1,21.9,7,8.6,,1.1,6.8,0.9,41.3,3.9,66.6,2.4,1.5,0.9,53.1,1.7,40,40,8,65.7,75,75,33,0.4,0.17,0.24,0.42,0.27,0.06,,0.25,,0.29,0.1,0.41,0.96,0.23,0.23,0.12,0.71,0.19,0.3,0.99,8.4,,640.7,61.6,0.1,29.9,0.4,0.6,
16,"Beet pulp, wet",,,,21.9,9.5,20.8,4.5,23.2,,0.9,8.6,1.7,48.2,4.4,66.6,2.4,1.5,0.9,55.7,1.7,40,40,8,65.7,75,75,33,0.42,0.18,0.26,0.44,0.29,0.06,,0.27,,0.3,0.11,0.43,0.99,0.25,0.25,0.09,0.57,0.1,0.2,0.08,8.79,,748.2,60.8,0.1,22.6,0.4,0.6,
17,Bermudagrass fresh,,,100,34.9,15.2,42.4,6.3,,,2.8,8.6,1.8,66.6,5,57.3,2.1,1.2,0.7,32.4,3.1,30,30,3,80.8,75,75,41,0.43,0.15,0.43,0.83,0.43,0.1,,0.53,,0.43,0.68,0.58,0.48,0.22,0.22,0.76,2.21,0.03,0.27,,10.75,,254.7,77,0.2,41.4,,,
18,Bermudagrass hay,,,100,93,11.1,32.7,5.3,5.8,,1.9,7.9,4.8,67,5.4,56.3,2,1.2,0.6,41.6,3.7,30,30,3,73.3,75,75,98,0.31,0.11,0.31,0.61,0.31,0.07,,0.39,,0.31,0.5,0.43,0.49,0.2,0.2,0.74,1.65,0.13,0.4,0.62,10.65,,217.8,63.1,0.3,34.8,,,
19,Bermudagrass silage,,,100,39,13.5,53.6,8,,,3.2,8.7,2.6,66.6,6.4,55.4,2,1.2,0.6,29.7,2.6,20,20,5,56.1,75,75,41,0.38,0.13,0.38,0.74,0.38,0.09,,0.47,,0.38,0.61,0.52,0.51,0.23,0.23,0.71,2.16,0.05,0.24,0.27,13.32,,536.9,75.3,,43.9,175.4,,
20,Blood meal,,,,89.6,95.1,14.2,21.4,,,1.2,2.8,0.6,4.5,,74.6,2.7,1.8,1.2,74.6,1.3,,,,98.6,,75,,5.06,6.51,0.89,13.53,9.43,1.08,,7.93,,4.78,1.9,9.17,0.14,0.04,0.04,0.32,0.41,0.26,0.65,0.1,4.35,,2378,5.3,0.8,36.6,,,
21,Bluegrass hay,,,100,89.3,7.5,25,6.5,,,1.4,9.3,0.4,68.8,8,51,1.8,1,0.5,37,3.7,30,30,3,73.3,75,75,98,0.21,0.07,0.21,0.41,0.21,0.05,,0.26,,0.21,0.34,0.29,0.28,0.13,0.13,,1.94,,0.14,,3.83,,60,75.5,,14.6,,,
22,Bluestem fresh,,,100,51.2,6.5,46,2.2,,,1,6,0.8,75,14,53,1.9,1.1,0.5,19,6,30,30,3,83.7,75,75,41,0.18,0.07,0.18,0.36,0.18,0.04,,0.23,,0.18,0.29,0.25,0.44,0.41,0.26,,1.31,0.01,0.1,,,,,,,,,,
23,Bluestem hay,,,100,89.2,6,43,6.5,,,1.4,9.7,0.4,69.7,8,50,1.8,1,0.4,37,3.7,30,30,3,73.3,75,75,98,0.17,0.06,0.17,0.33,0.17,0.04,,0.21,,0.17,0.27,0.23,0.41,0.21,0.21,,1.11,0.06,0.87,,9.57,,60,117.8,,20.7,,,
24,Brewers dried grains,,,,93.2,25,17.9,19.3,,,8.5,4.6,5.8,52.1,6.7,72,2.6,1.7,1.1,59.1,3.1,38,38,6,71.4,75,75,18,0.65,0.37,0.88,2.12,0.54,0.32,,1.2,,0.69,0.28,0.95,0.32,0.22,0.22,0.1,0.34,0.02,0.29,1.13,17.64,0.1,327.4,56.1,0.8,214.6,0.8,,29
25,Brewers wet grains,,,,26,28.5,11.4,21.8,0.5,,9.5,4.4,4.8,50,6.7,73.9,2.7,1.8,1.1,63.8,3.1,38,38,6,71.4,75,75,18,0.74,0.42,1.01,2.41,0.61,0.36,,1.37,,0.79,0.32,1.08,0.35,0.23,0.23,0.09,0.12,0.02,0.32,1.5,17.41,0.1,222,51.3,0.8,93,0.8,,29
26,Bromegrass hay,,,100,88.3,8.3,24.6,7.4,9.9,,1.6,8.8,2.6,65.9,6.5,52,1.9,1,0.5,29,3.7,30,30,3,73.3,75,75,98,0.24,0.08,0.24,0.46,0.24,0.06,,0.29,,0.24,0.38,0.32,0.55,0.18,0.18,0.19,1.59,0.04,0.17,,5.96,,,67.4,,16.2,34.6,,
27,Bromegrass silage,,,100,42.1,9,50,11.9,,,2.8,9.8,4.8,71.1,4.8,55,2,1.1,0.6,28,2.6,20,20,5,56.1,75,75,41,0.26,0.09,0.26,0.5,0.26,0.06,,0.32,,0.26,0.41,0.35,0.47,0.17,0.17,,1.67,0.04,0.13,0.27,5,,120,69,,16.3,175.4,,
28,Buffalo grass,,,100,93.4,7.6,25,6.1,,,3.4,10.1,5.5,65,7.4,54,2,1.1,0.5,36,3.6,30,30,3,74,75,75,98,0.22,0.08,0.22,0.42,0.22,0.05,,0.27,,0.22,0.34,0.29,0.26,0.3,0.11,,2.67,0.01,,0.3,20,20,84,167,0,38,8,,
29,Cane fresh,,,100,28,11.3,42,10.6,,,3.9,8,4.9,60,8,63,2.3,1.4,0.8,13,5.8,25,25,9,79.6,75,75,41,0.32,0.11,0.32,0.62,0.32,0.08,,0.4,,0.32,0.51,0.43,0.39,0.24,0.24,,3.61,0.05,0.14,,,,200,,,,254.4,,
30,Cane hay,,,100,82.8,8,36.5,5.9,18.1,,1.3,11.1,71.4,63.3,4.2,63,2.3,1.4,0.8,37,3.7,30,30,3,73.3,75,75,98,0.23,0.08,0.23,0.44,0.23,0.05,,0.28,,0.23,0.36,0.31,0.42,0.23,0.23,,2.11,0.11,0.11,,7.73,,60,69.1,,21,,,
31,Cane silage,,,100,29.3,7.7,35.2,10.4,,,2.4,,11.4,53,19.7,65,2.3,1.5,0.9,27,0.5,20,20,5,72.6,75,75,81,0.54,0.1,0.23,0.33,0.28,0.06,,0.21,,0.17,0.06,0.21,0.35,0.29,0.29,0.13,1.91,0.1,0.35,0.3,21.93,,383,129.9,0,14.9,,,
32,Canola grain,,,,94.7,23.9,41.5,11.1,,,39.8,4.3,1.4,28.2,6.4,109.2,3.9,2.8,2,37,3.1,38,38,6,71.4,75,75,18,0.62,0.35,0.84,2.02,0.51,0.3,,1.15,,0.66,0.27,0.9,0.53,0.35,0.35,0.07,0.85,0.02,0.41,0.08,5.31,0.1,98.1,74.5,0.8,46.5,0.8,,29
33,Canola meal,,,,90.4,40.9,32.2,17.4,8.8,,7.3,7.4,1.3,30.2,8.8,71.1,2.6,1.7,1.1,42.3,9.2,40,40,6,71.1,75,75,23,2.77,1.65,2.02,3.26,2.73,0.57,,1.91,,1.98,0.5,2.63,0.69,0.56,0.56,0.12,1.26,0.06,0.71,0.14,6.46,,230.5,68.4,1.1,59.8,,,
34,"Citrus pulp, dry",,,,87.7,6.9,41.1,5.6,,,2.4,7.4,1,24,2.4,70,2.5,1.6,1,40.3,1.5,50,50,9,66.2,75,75,33,0.31,0.13,0.19,0.32,0.21,0.04,,0.19,,0.22,0.08,0.31,1.84,0.13,0.13,0.12,0.98,0.05,0.11,0.19,6.4,,124.6,9.9,,12.1,,,
35,"Citrus pulp, wet",,,,19.4,8.6,56.7,4.5,0.9,,3.2,6.8,1.7,26.3,3.2,70.2,2.5,1.6,1,38.1,1.5,50,50,9,66.2,75,75,33,0.38,0.16,0.23,0.4,0.26,0.06,,0.24,,0.27,0.09,0.39,1.28,0.13,0.13,0.11,1.22,0.04,0.11,0.19,5.48,,120.9,11.9,,12.1,,,
36,Corn cobs,,,100,89.3,4.2,37,3.4,,,0.9,2.6,1.4,78.3,4.1,58.3,2.1,1.3,0.7,30.1,8.7,35,35,4,64,75,75,56,0.08,0.11,0.14,0.6,0.05,0.03,,0.2,,0.14,0.02,0.19,0.06,0.05,0.05,0.25,0.89,0.03,0.05,0.13,7.31,,245.7,13.9,0.1,26.5,1.2,,
37,Corn ear corn,,,,83.3,8.3,24.7,3.2,,,3.6,1.7,60.7,19.4,1.8,84.6,3.1,2.1,1.4,63.6,4.4,18,18,5,85.8,55,75,56,0.15,0.17,0.22,0.89,0.14,0.09,,0.3,,0.23,0.03,0.31,0.04,0.12,0.12,0.09,0.44,0.01,0.1,0.19,4.44,0,91.6,10.2,0.1,25,0,,
38,Corn earlage,,,,62.5,8.1,38.9,2.3,1.3,,3.5,1.9,60.2,21,1.7,84.3,3,2.1,1.4,48.6,4.4,18,18,5,85.8,55,75,56,0.15,0.17,0.22,0.87,0.13,0.09,,0.3,,0.23,0.03,0.3,0.05,0.12,0.12,0.11,0.47,0.02,0.1,0.19,3.75,0,85.2,11.2,0.1,21.6,0,,
39,Corn germ meal,,,,90.6,22.1,29.5,6.4,,,11.5,4.3,19.7,39.4,2.4,78.6,2.8,1.9,1.3,47.8,3.3,50,50,5,93,75,75,36,0.7,0.54,0.96,3.59,0.27,0.46,,1.43,,0.65,0.08,1.12,0.04,0.3,0.3,0.1,0.69,0.04,0.24,0.09,7.18,,129.7,16.4,1.1,106.3,29.8,,32
40,Corn gluten feed and distillers; Golden synergy,,,,50.4,24.6,16.3,12,,,8.7,4.4,11.5,29.3,4,89,3.2,2.2,1.5,66.6,1.4,17,17,7,66.4,75,75,4,1.02,0.45,0.68,2.23,0.51,0.29,,1.03,,0.77,0.4,1.29,0.09,0.34,0.34,0.14,1.17,0.21,0.62,0.18,5.35,0.1,560,17.8,0.4,62.5,1.2,,49.4
41,Corn gluten feed wet,,,,43.8,21.7,59.1,7,3.4,,4.3,6.4,15.2,38.5,1.6,86,3.1,2.1,1.4,34.1,3.2,50,50,5,89.2,75,75,36,1.51,0.47,0.19,1.53,0.33,0.36,,0.36,,0.37,0.14,1.15,0.05,0.41,0.41,0.19,1.32,0.16,0.52,0.1,5.41,0.1,152.4,17.4,0.3,62.4,1,,94
42,Corn gluten feed wet; Sweet Bran,,,,60.1,23.8,50.5,6.4,,,4.7,6.9,19.5,26.8,3,89,3.2,2.2,1.5,23,3.2,40,40,4,72.1,75,75,19,1.84,0.7,0.87,1.56,0.87,0.18,,1.08,,0.88,0.29,1.28,0.06,0.4,0.4,0.05,1.39,0.04,0.49,0.11,14,0.1,128,125,0.4,128,,,
43,"Corn gluten feed, dry",,,,89.8,22.6,51.7,8.9,2.7,,3.3,8.2,16.9,35,1.9,80,2.9,1.9,1.3,37.1,3.2,50,50,5,89.2,75,75,36,1.58,0.49,0.2,1.59,0.34,0.38,,0.38,,0.39,0.15,1.2,0.1,0.43,0.43,0.26,1.41,0.3,0.58,0.11,6.3,0.1,133.3,20.1,0.2,68.6,1,,94
44,Corn gluten meal,,,,90.4,68.2,14.7,15.1,0.2,,2.4,2.9,15.4,8.1,2.3,87.8,3.2,2.2,1.5,69.7,3.3,50,50,5,93,75,75,36,2.16,1.67,2.96,11.06,0.85,1.43,,4.42,,2,0.25,3.44,0.04,0.09,0.09,0.11,0.26,0.05,0.82,0.09,12.7,,74.2,5.7,,29.1,14,,26
45,Corn grain,,,,87.2,8.8,21.1,3.1,1.8,,3.8,1.4,72.1,9.7,1.2,87.6,3.2,2.2,1.5,65.3,3.9,15,15,5,84.4,75,75,30,0.16,0.18,0.24,0.94,0.15,0.1,,0.32,,0.25,0.03,0.33,0.03,0.11,0.11,0.15,0.37,0.03,0.11,0.51,2.63,0,50,7.6,0.6,20.5,1,,25
46,Corn grain high-moisture,,,,70.5,8.8,30,2.5,2.2,,3.9,1.5,71.3,9.9,1.2,90.4,3.3,2.2,1.6,55.3,5.6,30,30,6,73.9,85,75,,0.36,0.24,0.34,1.06,0.22,0.09,,0.44,,0.29,0.03,0.42,0.02,0.12,0.12,0.08,0.39,0.02,0.1,0.43,2.22,,49.5,6.3,,19.4,,,
47,Corn grain steam flaked,,,,80.7,8.5,8.2,4.1,,,3.2,1.3,76.2,9,1.3,95,3.4,2.4,1.7,70.4,3.9,25,25,6,85.8,95,75,48,0.15,0.17,0.23,0.91,0.14,0.09,,0.31,,0.24,0.03,0.32,0.02,0.09,0.09,0.08,0.33,0.01,0.1,0.43,2.69,,33.8,7.1,,19.8,,,
48,Corn greenchop,,,100,32.1,7.8,45,5.6,,,2.3,3.6,32.3,44.4,3.1,67.3,2.4,1.5,1,22,6,30,30,6,64.4,75,75,81,0.15,0.08,0.19,0.5,0.17,0.06,,0.23,,0.17,0.01,0.25,0.34,0.22,0.22,0.18,1.58,0.01,0.12,0.1,4.18,,131,23.5,,17.7,18,0.1,
49,Corn screenings,,,,86.2,8.8,3.1,7,2.8,,3.3,1.9,67.7,14.8,0.2,72.8,2.6,1.7,1.1,57,3.9,25,25,6,85.8,95,75,48,0.16,0.18,0.24,0.95,0.15,0.1,,0.32,,0.25,0.03,0.33,0.06,0.12,0.12,0.15,0.39,0.03,0.1,0.43,3.08,,30,13.9,,24.4,,,
50,Corn silage,,,50,33.1,8.2,55.8,3.7,4.3,,3.3,4.2,32.6,43,3.2,67.7,2.4,1.6,1,25.4,3.4,30,30,6,66.2,75,75,81,0.15,0.09,0.2,0.53,0.18,0.07,,0.24,,0.18,0.01,0.26,0.24,0.17,0.17,0.25,1.07,0.02,0.1,0.71,6.21,,187.1,32.8,0.2,26.4,58.1,,
51,Corn snaplage,,,,58.9,8.1,42.9,2.2,,,3.5,2,57,23.3,1.9,82,3,2,1.3,44.7,4.4,18,18,5,85.8,55,75,56,0.15,0.17,0.22,0.87,0.13,0.09,,0.29,,0.23,0.03,0.3,0.05,0.11,0.11,0.13,0.51,0.01,0.1,0.19,3.79,0,107.9,12,0.1,22.5,0,,
52,Corn stalklage,,,100,40.7,6.8,49.9,5.3,,,2,12.1,6,63.8,6.1,53.6,1.9,1.1,0.5,29,5.1,25,25,4,74.8,75,75,81,0.13,0.07,0.16,0.44,0.15,0.05,,0.2,,0.15,0.01,0.22,1.76,0.22,0.22,0.53,1.62,0.24,0.1,,7.81,,1021,63.9,,30,,,
53,Corn stalks,,,100,85.8,6.1,42.1,6.1,3.1,,1.4,11.1,10.8,70.8,6.3,52.7,1.9,1.1,0.5,36.3,2.4,30,30,5,69.2,75,75,100,0.11,0.06,0.15,0.39,0.13,0.05,,0.18,,0.13,0.01,0.19,0.55,0.2,0.2,0.42,1.25,0.07,0.09,0.11,6.47,,984.1,62.5,0.1,24.2,,,
54,Corn steep,,,,46.4,31.8,21.2,8.8,15,,4.5,11.3,11.4,3.5,0.6,98,3.5,2.5,1.7,59,3.3,50,50,5,93,75,75,36,1.01,0.78,1.38,5.15,0.39,0.66,,2.06,,0.93,0.12,1.6,0.1,0.9,0.9,0.4,3.19,0.59,1.19,0.13,10.19,,159,42.8,,121,14,,26
55,Cotton burrs,,,100,90.5,8.7,20,32.1,2.7,,2.5,15.3,6,60.9,16.6,45.2,1.6,0.8,0.3,50,10.8,25,25,6,58.2,75,75,100,1.02,0.21,0.38,0.58,0.44,0.17,,0.57,,0.36,0.03,0.48,1.4,0.31,0.31,0.51,2.26,0.04,0.32,0.45,5.66,,131,44.6,0,22.2,,,
56,Cotton gin trash,,,100,90.9,12.3,29,19.7,,,3.6,12.1,1.1,60.6,15.8,48.5,1.8,0.9,0.4,63.9,10.8,25,25,6,58.2,75,75,100,1.45,0.29,0.53,0.82,0.62,0.23,,0.81,,0.51,0.04,0.67,1.57,0.31,0.31,0.47,1.86,0.05,0.39,0.03,11.28,,818.8,73.1,0.5,28.3,,,
57,Cottonseed hulls,,,100,91.4,6.7,21.5,17,,,2.7,3.6,1.1,81.1,19.3,42,1.5,0.7,0.1,70.1,10.8,25,25,6,58.2,75,75,100,0.79,0.16,0.29,0.45,0.34,0.13,,0.44,,0.28,0.02,0.37,0.22,0.22,0.22,0.1,1.2,0.02,0.11,0.02,5.5,,101.4,20.7,0,17.7,,,
58,Cottonseed meal,,,,88.6,45,16.9,14.3,,,3.9,7.5,1.7,33.6,8.5,69.6,2.5,1.6,1,42.7,7.3,25,25,6,75,75,75,36,4.68,1.41,1.7,2.85,1.73,0.28,,2.63,,1.55,0.78,2.37,0.28,0.63,0.63,0.08,1.56,0.14,0.43,0.53,12.44,,149.9,22.3,1.3,63.9,,,
59,Cottonseed whole,,,,92.6,22.9,32.8,22.9,,,19.4,4.1,2.2,47.8,6,93,3.4,2.3,1.6,30.4,7.4,25,25,6,75.9,75,75,100,2.38,0.72,0.86,1.45,0.88,0.14,,1.34,,0.79,0.4,1.2,0.22,0.38,0.38,,1.12,0.08,0.39,,8.95,,160,21.7,,29.4,,,
60,"Distillers grain plus soluble, dry",,,,90,30.8,16.5,27.8,1.2,,10.7,5.3,5.9,33.7,5,89,3.2,2.2,1.5,67.9,1.4,17,17,7,56.5,75,75,4,1.28,0.56,0.86,2.79,0.63,0.37,,1.29,,0.96,0.51,1.61,0.05,0.32,0.32,0.27,1.05,0.18,0.66,0.72,6.69,0.1,103.4,22,1.1,63.3,1.2,,49.4
61,"Distillers grains plus soluble, modified",,,,47.8,29.1,6.7,2.1,,,10.2,6.6,3.4,28.7,4.2,93,3.4,2.3,1.6,72.8,1.4,17,17,7,56.5,75,75,4,1.21,0.53,0.81,2.64,0.6,0.35,,1.22,,0.91,0.48,1.52,0.08,0.38,0.38,0.16,1.27,0.39,0.67,0.18,7.03,0.1,560,19.3,0.4,72.9,1.2,,49.4
62,"Distillers grains plus solubles, wet",,,,31.4,30.6,15.6,26.4,0.9,,10.8,5.1,6.1,31.5,4.7,98,3.5,2.5,1.7,69.9,1.4,17,17,7,66.4,75,75,4,1.27,0.56,0.85,2.78,0.63,0.37,,1.29,,0.96,0.5,1.61,0.05,0.35,0.35,0.17,1,0.2,0.65,0.11,7.02,0.1,154.9,30.5,1,55.1,1.2,,49.4
63,Distillers solubles,,,,30.9,18.9,43.6,10.4,4,,16.8,9.1,10.7,4.7,1,98,3.5,2.5,1.7,54.9,0.6,17,17,7,59.7,75,75,4,0.79,0.34,0.53,1.72,0.39,0.23,,0.8,,0.59,0.31,0.99,0.11,0.69,0.69,0.37,2.34,0.42,0.82,0.18,7.41,0.1,560,35.8,6.3,101.6,1.2,,49.4
64,Feather meal,,,,92,91.1,10.3,113.6,17.7,,9.7,2.8,0.7,25.8,,79.1,2.9,1.9,1.3,70.8,1.7,,,,51.4,,75,23,6.76,0.86,4.19,7.57,2.34,0.45,,4.74,,3.8,0.73,7.24,0.76,0.08,0.08,0.27,0.24,0.21,1.69,0.13,12.2,0,283.2,56.6,1,171.1,,,
65,Fescue hay,,,100,88.9,9.2,25,8.7,,,2.1,8.4,3.3,65,3.1,58.3,2.1,1.3,0.7,29,3.7,30,30,3,73.3,75,75,98,0.3,0.11,0.3,0.58,0.3,0.07,,0.37,,0.3,0.48,0.41,0.48,0.22,0.17,1.45,1.73,0.1,0.16,,4.75,,,90.3,,21.3,34.6,,
66,Field Peas High CP,,,,88.2,25.2,20,8,,,1,7,43.9,13.1,5.8,75.8,2.7,1.8,1.2,43,7.3,25,25,6,75,75,75,36,2.62,0.79,0.95,1.59,0.97,0.16,,1.47,,0.87,0.44,1.33,0.14,0.15,0.15,,1.04,0.02,0.18,,5.9,,160,15.5,,32.3,,,
67,Field Peas Low CP,,,100,89.9,14.7,28,17,,,1.9,9.9,46.3,55.4,14.4,59,2.1,1.3,0.7,46,5.4,37,37,10,54.1,75,75,6,0.94,0.38,0.88,1.36,0.88,0.11,,0.93,,0.73,0.27,1.05,0.44,0.28,0.28,,0.95,0.08,0.21,0.19,10.5,0.1,309,31,0.3,21,33,,91
68,Fish meal,,,,92.3,66.2,25.2,13.2,,,11.9,20,5.8,13.6,,81.9,3,2,1.3,45,1,,,,98.4,,75,10,4.76,1.52,3,4.65,4.72,1.88,,2.87,,2.76,1.01,3.19,5.2,0.2,0.2,1.15,0.92,0.65,0.82,1.24,9,1.2,931.8,80,1.4,128.7,,,13
69,Flaxseed,,,,91.6,28.7,46.3,7.4,,,27.7,5.1,2,31.8,5.7,81.6,3,2,1.3,34.8,6.1,25,25,6,75.3,75,75,100,2.98,0.9,1.08,1.82,1.1,0.18,,1.68,,0.99,0.5,1.51,0.31,0.45,0.45,0.09,0.94,0.06,0.29,0.71,14.93,,109.6,32.9,,52.7,,,
70,Forage sorghum silage,,,100,28.9,9,49.6,6.3,1.4,,2.9,8.9,9.8,57.7,5.3,57.4,2.1,1.2,0.7,30.2,0.5,20,20,5,72.6,75,75,81,0.64,0.12,0.27,0.39,0.33,0.07,,0.25,,0.2,0.07,0.25,0.44,0.26,0.26,0.7,1.89,0.02,0.15,1.98,8.85,,422.9,53.4,0,34.1,,,
71,Forage sorghum sudan,,,100,31.8,12.8,44.4,5.4,,,3,10.4,2.1,59.8,4.2,57.1,2.1,1.2,0.6,29.3,2.6,20,20,5,56.1,75,75,41,0.36,0.13,0.36,0.7,0.36,0.09,,0.45,,0.36,0.57,0.49,0.47,0.3,0.3,0.93,2.51,0.03,0.25,0.27,13.29,,398,79,,38.9,175.4,,
72,Forage sorghum sudan hay,,,100,88.8,11,39.3,4.5,12.6,,2,8.8,2.9,62.7,4.8,56.8,2.1,1.2,0.6,35.2,3.1,20,20,3,66.7,75,75,98,0.31,0.11,0.31,0.61,0.31,0.07,,0.39,,0.31,0.5,0.42,0.41,0.29,0.29,0.98,2.21,0.05,0.16,0.13,8.88,,324.8,67,,34.9,,,
73,Forage sorghum sudan silage,,,100,31.3,12.3,50.5,6.5,5.8,,3.3,10.2,2.9,61.1,5.5,56.1,2,1.2,0.6,30.4,2.6,20,20,5,56.1,75,75,41,0.35,0.12,0.35,0.67,0.35,0.08,,0.43,,0.35,0.55,0.47,0.55,0.27,0.27,0.76,2.48,0.03,0.18,0.27,10.57,,747,61.3,0.2,37.1,175.4,,
74,"Forage sorghum, fresh",,,100,30.6,8.9,40.6,5.1,,,2.2,7.8,12,56,4,60.1,2.2,1.3,0.7,34.4,0.5,20,20,5,72.6,75,75,81,0.63,0.12,0.27,0.38,0.32,0.07,,0.25,,0.2,0.07,0.25,0.33,0.22,0.22,0.6,1.67,0.02,0.14,0.3,10.46,,431.5,61.2,0,35.5,,,
75,"Forage sorghum, hay",,,100,88.7,9,36.9,5,,,2.1,7.6,9.5,58.5,5,58.8,2.1,1.3,0.7,38,3.1,20,20,3,66.7,75,75,98,0.26,0.09,0.26,0.5,0.26,0.06,,0.32,,0.26,0.41,0.35,0.38,0.27,0.27,0.74,1.77,0.02,0.13,0.13,8.6,,258.7,57.3,0.1,30.5,,,
76,Foxtail millet,,,100,76,9.8,15,25,,,1,8,14.7,60.3,15,47.6,1.7,0.9,0.3,30,4.7,30,30,5.5,46.6,75,75,92,0.63,0.26,0.59,0.91,0.59,0.07,,0.62,,0.49,0.18,0.7,0.62,0.2,0.2,,2.65,0.06,,,2.8,,290,24.8,0.6,26.6,,1,
77,Fresh soybean forage,,,100,33.4,19.6,39.6,8.7,,,3.5,8.6,5.9,45.3,7.1,60.3,2.2,1.3,0.7,32.8,5.8,25,25,9,79.6,75,75,41,0.55,0.2,0.55,1.08,0.55,0.13,,0.69,,0.55,0.88,0.75,1.27,0.38,0.38,0.29,1.79,0.02,0.21,,10.52,,285,51.7,,38.2,254.4,,
78,Glycerin,,,,80.2,0.8,100,,1.4,,6.2,6.7,0.4,0.3,,69,2.5,1.6,1,0,,30,30,20,,75,75,,,,,,,,,,,,,,0.08,0.07,0.07,4.49,0.53,2.48,1.18,1.59,5.08,2.1,263,22.3,,7.2,,,7
79,Grain sorghum grain,,,,88.7,11.6,19.5,8.7,0.1,,3.5,2.1,71.2,7.2,1.1,86,3.1,2.1,1.4,71.1,5.1,10,10,5,85.5,75,75,34,0.82,0.16,0.35,0.5,0.42,0.09,,0.32,,0.26,0.09,0.32,0.06,0.15,0.15,0.32,0.39,0.12,0.11,0.65,4.95,0.1,42.9,20.1,0.2,19.9,0.1,,12
80,Grain sorghum hay,,,100,84.8,9,38.5,8.4,,,1.6,11,7.3,56.4,2.9,54.5,2,1.1,0.6,31,3.1,20,20,3,66.7,75,75,98,0.25,0.09,0.25,0.49,0.25,0.06,,0.31,,0.25,0.4,0.34,0.44,0.26,0.26,,1.71,0.03,0.1,0.13,8.47,,170,97.6,,30.4,,,
81,Grain sorghum silage,,,100,36.5,9.2,3.8,8.9,0.2,,2.4,10.1,4.6,49.2,5.6,59,2.1,1.3,0.7,28,2.6,20,20,5,56.1,75,75,41,0.26,0.09,0.26,0.51,0.26,0.06,,0.32,,0.26,0.41,0.35,0.36,0.19,0.19,,1.66,0.02,0.1,0.27,4.75,,120,43.3,,20.8,175.4,,
82,Grain sorghum stalks,,,100,82.6,7.7,32,7.3,,,1.5,19.5,53.6,64.8,1.4,39.5,1.4,0.6,0.1,57,5.1,10,10,5,85.5,75,75,34,0.54,0.1,0.23,0.33,0.28,0.06,,0.21,,0.17,0.06,0.21,0.48,0.27,0.27,0.36,1.79,0.03,0.11,0.53,6.53,0.1,80.8,86.2,0.5,21.3,0.1,,12
83,"Grain sorghum, flaked",,,,81,10.1,8,82.2,,,2.6,1.4,75.2,9.7,0.2,93,3.4,2.3,1.6,57,3.9,25,25,6,85.8,95,75,48,0.18,0.21,0.27,1.08,0.17,0.11,,0.37,,0.28,0.04,0.38,0.03,0.12,0.12,0.46,0.38,0.01,0.11,0.43,3,,30,18,,19,,,
84,"Grain sorghum, high-moisture",,,,69.9,10.4,3.5,9.3,,,3.5,2.7,72.9,9.3,1.4,86,3.1,2.1,1.4,49.2,5.1,10,10,5,85.5,75,75,34,0.74,0.14,0.31,0.45,0.38,0.08,,0.29,,0.24,0.08,0.29,0.04,0.14,0.14,0.08,0.41,0.06,0.1,0.53,8.23,0.1,60,28.7,0.2,38.4,0.1,,12
85,"Grape pomace, dry",,,,91.8,12.3,20.6,35.5,,,8.9,9.6,1,51.8,31.9,47,1.7,0.9,0.3,74.9,,50,50,9,,75,75,34,,,,,,,,,,,,,0.62,0.13,0.13,0.16,0.91,0.03,0.16,,48.73,,543.8,31.5,,20.2,,,
86,"Grape pomace, wet",,,,41.9,11.7,21.9,23.4,,,9,15.1,1,50.1,27.6,56,2,1.2,0.6,75.4,,50,50,9,,75,75,34,,,,,,,,,,,,,0.51,0.12,0.12,0.05,1.61,0.05,0.15,,20.87,,601.2,28.5,,18.2,,,
87,Hominy,,,,88.7,10.3,28,3.2,1.1,,7.1,2.6,56.8,16.8,1.5,87.2,3.2,2.2,1.5,66.5,3.7,20,20,5,87.6,75,75,9,0.56,0.29,0.4,1.11,0.33,0.11,,0.5,,0.38,0.01,0.53,0.04,0.2,0.2,0.11,0.62,0.02,0.12,0.06,3.83,,65.3,10.6,,37.5,,,
88,Johnson grass,,,100,50.1,7.8,41,2,,,2.1,10,0.6,62.3,7,54,2,1.1,0.5,17,5,30,30,3,83.7,75,75,41,0.22,0.08,0.22,0.43,0.22,0.05,,0.27,,0.22,0.35,0.3,0.59,0.15,0.15,,1.3,,0.09,,4,,,26,,24,304.2,,
89,Kochia,,,100,75,13.5,25,5.9,,,1.1,11.8,6.5,46,3.5,50.9,1.8,1,0.4,21,3.7,30,30,3,73.3,75,75,98,0.38,0.13,0.38,0.74,0.38,0.09,,0.47,,0.38,0.61,0.52,1.48,0.73,0.73,,3.24,0.09,0.4,0.58,25.06,,91,108.9,,28.3,26,,
90,Kochia silage,,,100,37.1,15.4,55,8.1,,,1.2,14.9,23.7,45.7,5,58,2.1,1.2,0.7,24,5.6,25,25,6,56.9,75,75,81,0.29,0.16,0.37,0.99,0.33,0.12,,0.45,,0.33,0.02,0.49,1.1,0.59,0.59,0.18,3.08,0.16,0.37,0.1,9.5,,180,117,,29.8,58.1,,
91,Linseed meal,,,,90.5,36.9,44,8.6,,,12,6.2,2.5,32.1,5.7,73.6,2.7,1.7,1.1,31.9,7.8,35,35,6,86.6,75,75,23,3.95,0.93,1.98,2.51,1.59,0.72,,1.94,,1.56,0.6,2.13,0.39,0.58,0.58,0.08,1.18,0.09,0.38,0.21,21.39,,280.5,50.7,0.9,73.9,,,
92,Meadow hay,,,100,88.8,8.8,25,14.8,14,,1.8,9.9,6.8,60.9,7,52.9,1.9,1.1,0.5,33,3.7,30,30,3,73.3,75,75,98,0.25,0.09,0.25,0.48,0.25,0.06,,0.31,,0.25,0.4,0.34,0.5,0.19,0.19,,1.75,0.04,0.18,0.14,4.48,,,103.9,,19.6,120.9,,135.6
93,Millet forage fresh,,,100,36.2,12.2,43.7,8,,,3.9,8,4.9,65.3,8,52.5,1.9,1.1,0.5,13,5.8,25,25,9,79.6,75,75,41,0.34,0.12,0.34,0.67,0.34,0.08,,0.43,,0.34,0.55,0.47,0.47,0.39,0.39,,2.84,0.16,0.27,,38,,200,90,,31.6,254.4,,
94,Millet forage hay,,,100,86.3,9.5,36.8,5.7,,,1.7,11.4,2.9,62.5,6.5,52.5,1.9,1.1,0.5,39.6,3.7,30,30,3,73.3,75,75,98,0.27,0.1,0.27,0.52,0.27,0.06,,0.33,,0.27,0.43,0.36,0.5,0.32,0.32,0.9,2.58,0.03,0.2,,8.98,,450.2,72.7,,29.8,34.6,,
95,Millet grain,,,,86.7,11.3,19.9,18.5,,,3.5,5.3,49.2,21.6,3.2,76.2,2.8,1.8,1.2,71.4,10.4,30,30,5,79.2,75,75,34,0.54,0.26,0.44,0.77,0.35,0.09,,0.63,,0.35,0.14,0.55,0.68,0.15,0.15,0.09,0.38,0.03,0.35,0.19,10.26,0.1,116.3,20.4,0.6,39.4,3.8,,26.2
96,Millet silage,,,100,34.9,12.3,47.7,6.3,,,2.3,11.8,3.6,61.9,6,53,1.9,1.1,0.5,31.9,2.6,20,20,5,56.1,75,75,41,0.35,0.12,0.35,0.67,0.35,0.08,,0.43,,0.35,0.55,0.47,0.51,0.37,0.37,1.21,2.84,0.03,0.2,0.27,9.32,,618.2,97.7,,46.5,175.4,,
97,"Molasses, beet",,,,77.9,10.9,100,,70.6,,,27.2,,,,75,2.7,1.8,1.2,0,,30,30,3,,75,75,,,,,,,,,,,,,,0.11,0.09,0.09,1.09,3.45,1.03,0.41,0.47,3,,87,3,,14,,,
98,"Molasses, cane",,,,66,8.6,100,,60,,1.9,12.2,12,,,72,2.6,1.7,1.1,0,,30,30,20,,75,75,,,,,,,,,,,,,,0.88,0.4,0.4,2.21,4.46,1.04,0.68,1.59,6.55,2.1,263,23.2,5.3,17.4,,,7
99,Native prairie hay,,,100,88,6.8,22.9,6.5,,,1.8,10.3,4.2,66.6,2.1,48.4,1.8,0.9,0.4,38,3.3,30,30,3.5,97.1,75,75,98,0.19,0.07,0.19,0.37,0.19,0.05,,0.24,,0.19,0.3,0.26,0.49,0.17,0.17,0.51,1.04,0.05,0.12,,3.75,,88,65.3,,20.6,37.2,,
100,Oat forage,,,,29.6,16.5,50.9,5.5,,,3.7,9.7,2.7,52.7,4.2,61.1,2.2,1.3,0.8,26.4,7.2,35,35,5,69.5,75,75,34,0.72,0.3,0.63,1.27,0.33,0.35,,0.96,,0.36,0.21,,0.48,0.2,0.2,1.02,2.77,0.21,0.22,0.06,8.96,0.1,603.4,63.2,1.2,27.9,0.2,,15
101,Oat grain,,,,89.9,12.5,27.4,4.3,,,6.2,3.1,44.1,26.6,3,83,3,2,1.4,56.5,7.2,35,35,5,69.5,75,75,34,0.55,0.23,0.48,0.97,0.25,0.27,,0.74,,0.27,0.16,,0.1,0.14,0.14,0.14,0.5,0.02,0.17,0.52,6.18,0.1,105,50.3,0.3,31.1,0.2,,15
102,Oat hay,,,100,89.6,8.7,40.8,3.7,,,2.2,7.1,4,59.1,4.7,59.9,2.2,1.3,0.7,33.9,3.9,30,30,4,65.5,75,75,98,0.25,0.09,0.25,0.48,0.25,0.06,,0.31,,0.25,0.39,0.33,0.29,0.14,0.14,0.92,1.65,0.41,0.13,0.88,6.91,,249.1,65.3,0.1,21.2,49.6,2,
103,Oat hulls,,,100,91.6,6.1,31.6,7,,,2.8,5.2,15.8,64.4,5.5,56.5,2,1.2,0.6,46.4,3.9,30,30,4,65.5,75,75,98,0.17,0.06,0.17,0.33,0.17,0.04,,0.21,,0.17,0.27,0.23,0.14,0.13,0.13,0.15,0.6,0.05,0.09,0.07,7.52,,241.6,54.1,,25.2,49.6,2,
104,Oat straw,,,100,84.2,4.8,53,1.9,,,1.3,6.9,1.4,73.8,7.1,44.3,1.6,0.8,0.2,45,1.4,30,30,3,12.1,75,75,98,0.14,0.05,0.14,0.27,0.14,0.03,,0.17,,0.14,0.22,0.18,0.3,0.13,0.13,0.27,2.23,0.22,0.13,,8.88,,164,70.3,,23.5,6.3,1,
105,Oatlage,,,100,33.8,12.7,63.4,5.5,,,3.7,9.8,3.1,58.9,5.3,58,2.1,1.2,0.7,22.4,5.2,30,30,7,81.3,75,75,41,0.36,0.13,0.36,0.7,0.36,0.09,,0.44,,0.36,0.57,0.49,0.46,0.18,0.18,0.91,2.53,0.23,0.19,0.49,8.16,,561.7,71.3,,29.8,37.2,,
106,Onions,,,100,23.2,10.1,11,31.5,,,13.6,6.2,54.5,10.5,0.8,68.9,2.5,1.6,1,51.8,10.7,50,50,5,33,75,75,34,0.29,0.1,0.29,0.56,0.29,0.07,,0.36,,0.29,0.46,0.39,0.51,0.17,0.17,,1.26,,0.34,,,,,,,,,,
107,Orchardgrass hay,,,100,91.5,13.8,25,8.1,,,2.3,10.5,7.1,57.4,6,56.2,2,1.2,0.6,23,3.6,30,30,3,74.8,75,75,98,0.39,0.14,0.39,0.76,0.39,0.09,,0.48,,0.39,0.62,0.53,0.53,0.26,0.26,0.41,2.6,0.05,0.22,0.43,6.62,,93,157.7,,20.9,15,,
108,Pea hulls,,,,88.8,20.1,48,4,,,1.3,4.2,40,54.9,3,71,2.6,1.7,1.1,35.8,2.5,30,30,6,74.6,75,75,34,2.35,0.44,0.74,1.34,0.7,0.24,,1.04,,0.57,0.2,0.9,0.2,0.2,0.2,0.39,0.97,0.95,0.17,,6.5,,200,13.3,0.4,41.3,,,4
109,Peanut hay,,,100,90.8,11,35.2,9,,,2,10.9,4,47.4,8.4,57.5,2.1,1.2,0.7,33.5,3.7,30,30,3,73.3,75,75,98,0.31,0.11,0.31,0.61,0.31,0.07,,0.39,,0.31,0.5,0.42,1.24,0.55,0.55,0.68,1.52,0.05,0.14,,8.36,,695.4,60.3,0.1,24.3,,,
110,Peanut hulls,,,100,93.4,9.5,24.5,19.5,,,4.2,3.8,1.2,68.5,23,42.8,1.5,0.7,0.2,52.5,10.8,25,25,6,58.2,75,75,100,1.12,0.23,0.41,0.63,0.48,0.18,,0.62,,0.39,0.03,0.52,0.29,0.14,0.14,0.1,0.7,0.03,0.1,0.02,12.52,,634,50,0,16.1,,,
111,Peanut meal,,,,94.1,45,29.8,12.5,,,7.7,5.6,6.9,19.9,3.3,80.8,2.9,2,1.3,28.2,7.8,45,45,6,88.4,75,75,36,4.89,0.98,1.42,2.72,1.41,0.49,,2.21,,1.14,0.44,1.72,0.21,0.32,0.32,0.21,1.11,0.03,0.27,1.19,14.1,0.1,462.9,32.1,,53.4,,,
112,Peanut silage,,,100,38,13.7,45.4,10.4,,,3.7,9.6,2.3,53.6,9.1,56.3,2,1.2,0.6,34.4,2.6,20,20,5,56.1,75,75,41,0.39,0.14,0.39,0.75,0.39,0.09,,0.48,,0.39,0.62,0.52,1.33,0.39,0.39,0.74,1.84,0.03,0.17,0.27,27.75,,396.3,37.5,,79.6,175.4,,
113,Peas,,,,87.3,23.9,69.7,4.4,,,1.9,3.8,42.7,13.7,1.1,80,2.9,1.9,1.3,15.5,8.9,40,40,8,73.7,75,75,34,1.06,0.5,0.92,1.39,0.83,0.33,,1.11,,0.71,0.22,1.11,0.13,0.18,0.18,0.13,1.07,0.03,0.57,,8.8,,112.7,21.5,0.4,36.3,0.2,,16.6
114,Peavine forage,,,100,18.2,20.1,51.5,6.3,,,3.8,9.6,3.5,44.3,5.7,62.1,2.2,1.4,0.8,26.3,24.4,30,30,9,83.4,75,75,41,0.57,0.2,0.57,1.11,0.57,0.13,,0.7,,0.57,0.91,0.77,1.07,0.26,0.26,0.54,2.81,0.02,0.21,0.24,,,,,,,37.2,,
115,Peavine hay,,,100,90.7,15.6,42.9,6.3,,,2,9.5,6.5,45.9,6.6,58.6,2.1,1.3,0.7,29.8,3.7,30,30,3,73.3,75,75,98,0.44,0.16,0.44,0.86,0.44,0.1,,0.55,,0.44,0.7,0.6,1.21,0.32,0.32,0.48,2.03,0.04,0.18,0.58,8.8,,1452,102.5,,44,26,,
116,Peavine silage,,,100,34.1,19.7,59.8,6.4,,,3.8,10.7,5.6,49.2,6.1,59.2,2.1,1.3,0.7,24,2.6,20,20,5,56.1,75,75,41,0.56,0.2,0.56,1.08,0.56,0.13,,0.69,,0.56,0.89,0.75,1,0.13,0.13,0.68,2.55,0.05,0.21,0.27,8.87,,1346,69,,32.8,175.4,,
117,Popcorn grain,,,,87.8,11.4,11,5,,,3.5,1.5,65.5,10.8,0.2,72.7,2.6,1.7,1.1,55.3,3.9,15,15,5,84.4,75,75,30,0.21,0.23,0.31,1.22,0.19,0.13,,0.42,,0.32,0.04,0.43,0.04,0.13,0.13,1.27,0.25,0.01,0.11,0.31,2.51,0,54.5,7.9,0.1,24.2,1,,25
118,"Potato byproduct, dry",,,,90.9,8.1,50.1,4.5,,,3.9,5.7,44.3,18.4,3.2,79.2,2.9,1.9,1.3,48.4,4.4,18,18,5,85.8,55,75,56,0.15,0.17,0.22,0.87,0.13,0.09,,0.3,,0.23,0.03,0.3,0.17,0.13,0.13,0.17,1.39,0.12,0.12,9.74,11.44,0,339.5,23.4,0.1,20.2,0,,
119,"Potato byproduct, wet",,,,23.4,12.1,40.6,6.2,,,7.9,7.7,44.3,21.7,3.3,79.1,2.9,1.9,1.3,53.3,1.4,17,17,7,66.4,75,75,4,0.5,0.22,0.34,1.1,0.25,0.14,,0.51,,0.38,0.2,0.63,0.41,0.13,0.13,0.17,1.19,0.09,0.16,9.74,9.48,0.1,1234,31.5,0,37.9,1.2,,49.4
120,Potato peels,,,,43.4,13.8,100,,,,0.6,6.6,,16,,78,2.8,1.9,1.2,48.4,4.4,18,18,5,85.8,55,75,56,0.25,0.28,0.37,1.48,0.23,0.15,,0.5,,0.39,0.05,0.52,0.17,0.13,0.13,0.17,1.39,0.12,0.12,9.74,11.44,0,339.5,23.4,0.1,20.2,0,,
121,Potatoes,,,,23.5,10.1,64.7,1.8,,,7.5,6.3,60.9,11.2,1.1,76.7,2.8,1.8,1.2,62.4,10.6,40,40,9,88.5,75,75,,0.44,0.23,0.4,1.38,0.3,0.1,,0.49,,0.29,0.11,0.46,0.14,0.11,0.11,0.26,1.88,0.04,0.14,0.57,5.97,0.1,134.5,12.1,0,15,,,17
122,Rice bran,,,,91.8,14.7,25.8,5,,,17.6,12.2,20.2,26.6,5.3,83.4,3,2,1.4,44.7,1.2,40,40,8,78,75,75,,1.03,0.38,0.48,0.98,0.63,0.28,,0.64,,0.52,0.13,0.73,2.04,0.73,0.73,0.13,1.28,0.06,0.16,1.09,9.53,,222.4,186.6,0.1,66.7,,,66.7
123,Rice grain,,,,88.8,8.4,19.3,2.6,,,1.8,3.2,77.2,8.2,1.9,82.7,3,2,1.4,59.6,5.8,50,50,10,78.1,75,75,,0.62,0.22,0.31,0.62,0.36,0.18,,0.4,,0.3,0.08,0.45,0.03,0.1,0.1,0.08,0.27,0.01,0.1,0.05,5.46,0.1,144.1,66.3,,23.9,,,15.7
124,Rice hay,,,100,92.7,7.4,30,3.8,,,1.8,14.5,9,62.3,3.8,54.7,2,1.1,0.6,38.3,3.6,30,30,4,74.8,75,75,98,0.21,0.07,0.21,0.41,0.21,0.05,,0.26,,0.21,0.33,0.28,0.24,0.17,0.17,0.62,1.87,0.09,0.16,,17.07,,328.8,350.3,,38.3,87.5,,13
125,Rice hulls,,,100,92,5.4,20,11.3,,,4.3,15.7,0.1,53.8,21.6,31.5,1.1,0.3,0.2,50,10.8,25,25,6,58.2,75,75,100,0.64,0.13,0.23,0.36,0.27,0.1,,0.36,,0.22,0.02,0.3,0.18,0.19,0.19,0.02,0.54,0.04,0.09,0.02,13,,131,119,0,22,,,
126,Rice silage,,,100,39.7,7.3,42.5,4.3,,,2.4,14.4,18.6,55.1,4.7,56,2,1.2,0.6,37.1,5.1,30,30,4,74.8,75,75,81,0.14,0.08,0.17,0.47,0.16,0.06,,0.21,,0.16,0.01,0.23,0.24,0.16,0.16,0.45,1.48,0.02,0.13,,13.34,,489.6,627,,43.6,,,
127,"Rye annual, fresh",,,100,32,18.7,49.1,5.8,,,4,10.2,1.9,51.7,3.7,65.1,2.4,1.5,0.9,25.6,5.8,25,25,9,79.6,75,75,41,0.53,0.19,0.53,1.02,0.53,0.13,,0.65,,0.53,0.84,0.71,0.52,0.21,0.21,1.02,3.03,0.14,0.25,,9.13,,293.5,67.4,,37.1,254.4,,
128,Ryegrass hay,,,100,90.4,18.6,35.6,6.1,,,3.3,9.6,2.3,51.5,4.3,63.7,2.3,1.4,0.8,33.3,3.6,30,30,5,74.8,75,75,98,0.53,0.19,0.53,1.02,0.53,0.12,,0.65,,0.53,0.84,0.71,0.51,0.22,0.22,1.24,2.38,0.46,0.23,,9.14,,475.1,132.9,0.1,35.5,199.9,,
129,Ryegrass silage,,,100,36.8,14.6,60.5,5.8,1.5,,3.9,10.1,1.6,57.7,4.8,59.6,2.2,1.3,0.7,23.8,2.6,20,20,5,56.1,75,75,41,0.41,0.15,0.41,0.8,0.41,0.1,,0.51,,0.41,0.66,0.56,0.5,0.19,0.19,0.99,2.78,0.14,0.21,0.27,10.3,,497.2,90.6,,36.1,175.4,,
130,"Rye, grain",,,,89.8,11.3,46.5,1.4,,,1.4,1.8,58.3,15.4,1.6,80.8,2.9,2,1.3,22.5,8.9,40,40,8,73.7,75,75,34,0.5,0.24,0.43,0.66,0.39,0.16,,0.53,,0.34,0.11,0.53,0.09,0.14,0.14,0.13,0.53,0.03,0.13,,6.99,,185.3,41.9,0.4,37.4,0.2,,16.6
131,Safflower meal,,,,93.5,23.1,33.3,8.5,,,12.3,4.9,1.2,51.5,13.4,55.8,2,1.2,0.6,23.7,8.9,40,40,6,84.9,75,75,23,2.37,0.43,0.76,1.42,0.6,0.34,,1.06,,0.53,0.15,1.1,0.34,0.34,0.34,0.27,0.96,0.07,0.24,0.14,17,,161,25.7,0.1,60.4,,,
132,Soybean hay,,,100,90.5,16.5,35.2,8.7,,,3,8.8,5.4,44.8,7.3,60.1,2.2,1.3,0.7,34.4,3.6,30,30,3,74,75,75,98,0.47,0.17,0.47,0.91,0.47,0.11,,0.58,,0.47,0.74,0.63,1.38,0.38,0.38,0.42,1.79,0.01,0.23,0.3,8.51,20,176.5,80.9,0,29.5,8,,
133,Soybean hulls,,,,90,12.4,30.5,6.4,2.2,,2.3,5,1.1,64.8,2.5,62.6,2.3,1.4,0.8,53.1,8.7,40,40,8,57.2,75,75,2,0.58,0.23,0.3,0.6,0.56,0.06,,0.37,,0.34,0.08,0.41,0.6,0.27,0.27,0.06,1.34,0.02,0.12,0.6,7.55,,436.9,20,0.1,44.8,,,3.7
134,Soybean meal high CP,,,,89.2,52.9,44.1,10.2,13.3,,1.9,7.4,2,11.3,1.2,79.5,2.9,1.9,1.3,29.5,7.3,25,25,6,75,75,75,36,5.5,1.66,1.99,3.35,2.03,0.33,,3.09,,1.82,0.92,2.79,0.42,0.32,0.32,0.06,2.36,0.02,0.41,1.07,15.91,,201.9,42.3,0.5,51.7,,,
135,Soybean meal low CP,,,,91.7,46.5,19.5,9,11.6,,8.3,6.4,5.1,18.8,1.5,81.1,2.9,2,1.3,44.1,7.3,25,25,6,75,75,75,36,4.84,1.46,1.75,2.95,1.79,0.29,,2.72,,1.61,0.81,2.45,0.37,0.29,0.29,1.09,2.02,0.07,1.05,0.75,17.61,,160.6,40.7,,71.8,,,
136,"Soybean meal, heated",,,,89.8,48.9,13.1,10.8,,,8.3,6.5,1.3,22.7,1.8,79.3,2.9,1.9,1.3,49.4,9.6,25,25,6,89.7,75,75,23,3.2,1.38,2.27,3.53,2.62,0.49,,2.41,,1.72,0.8,2.49,0.35,0.29,0.29,0.07,2.13,0.04,0.37,0.12,12.4,,148.6,30.1,0.5,40.4,,,
137,Soybean silage,,,100,37.4,17.1,49,9.9,,,4.3,9.8,4.2,47.5,8,57.8,2.1,1.2,0.7,31.5,2.7,50,50,5,59.4,75,75,61,0.75,0.31,0.66,1.32,0.35,0.36,,1,,0.37,0.22,,1.31,0.38,0.38,0.47,1.81,0.02,0.2,,10.28,,1191,85.6,0.1,46.9,,,
138,Soybean stubble,,,,85.5,5.5,18,9.1,,,0.7,9.3,13.1,69.7,2,35,1.3,0.4,0.1,42,8.7,40,40,8,57.2,75,75,2,0.26,0.1,0.14,0.27,0.25,0.03,,0.17,,0.15,0.04,0.18,1.25,0.44,0.44,,1.43,0.03,0.13,0.12,4,,409,25,0.1,9,,,3.7
139,"Soybeans, expelled",,,,88.6,46.5,33,1,,,8.2,6.3,22.1,12.6,1.4,77,2.8,1.9,1.2,20,7.8,45,45,6,88.4,75,75,36,5.06,1.01,1.47,2.82,1.46,0.51,,2.29,,1.18,0.46,1.78,0.35,0.66,0.17,,1.28,0.03,0.33,,16,0.1,155,29,,36,,,
140,"Soybeans, extruded",,,,92.5,44.4,24.7,6.2,,,13.1,6.2,1.3,16.6,1.8,91.9,3.3,2.3,1.6,42.2,1.1,45,45,6,80.3,75,75,2,2.82,0.83,1.32,2.82,2.25,0.6,,1.56,,1.5,0.23,2.03,0.29,0.28,0.28,0.08,2.05,0.02,0.35,,14.4,,142.7,35.1,,48.2,,,1
141,"Soybeans, roasted",,,,93.3,40.5,16.7,9.8,,,21,5.6,1.3,21.8,2.2,97.4,3.5,2.5,1.7,43.6,3.4,25,25,5,80.8,75,75,30,2.6,1.2,1.87,2.9,2.34,0.41,,1.95,,1.44,0.66,1.99,0.25,0.26,0.26,0.08,1.83,0.03,0.32,,13.8,,144.6,29.2,0.1,44.3,1.6,,36.6
142,"Soybeans, whole",,,,92.9,40,53,10.6,,,20.6,5.5,1,18,1.9,91,3.3,2.3,1.6,29,7.4,25,25,6,75.9,75,75,100,4.16,1.26,1.51,2.53,1.54,0.25,,2.34,,1.38,0.7,2.11,0.25,0.25,0.25,0.07,1.81,0.02,0.31,1.01,14.59,,139.1,31.6,,47.2,,,
143,"Sudangrass, fresh",,,100,30.9,12.9,42.7,5.7,,,3,10.9,2.1,61,4.7,54.8,2,1.1,0.6,32.8,2.6,20,20,5,56.1,75,75,41,0.37,0.13,0.37,0.71,0.37,0.09,,0.45,,0.37,0.58,0.49,0.5,0.32,0.32,1.03,2.61,0.04,0.25,0.27,15.8,,307.2,70.5,,39.2,175.4,,
144,"Sudangrass, hay",,,100,89,8.3,34.6,4.1,,,1.6,9.3,1.6,65.8,5.1,54.5,2,1.1,0.6,42,3.1,20,20,3,66.7,75,75,98,0.24,0.08,0.24,0.46,0.24,0.06,,0.29,,0.24,0.37,0.32,0.44,0.29,0.29,1.16,2.05,0.03,0.13,0.42,8.97,,218.4,56.1,0.1,31.3,,,
145,"Sudangrass, silage",,,100,31.3,12.1,51.9,6.6,0.8,,3.1,12,1.8,62.3,5.8,53.5,1.9,1.1,0.5,29.7,2.6,20,20,5,56.1,75,75,41,0.34,0.12,0.34,0.66,0.34,0.08,,0.42,,0.34,0.54,0.46,0.52,0.27,0.27,0.92,2.67,0.03,0.18,0.27,12.16,,1239,74.9,,41.2,175.4,,
146,"Sugarcane bagasse, silage",,,100,39.8,3.9,46.7,9.5,,,1.1,6.4,0.9,75.6,17.3,45,1.6,0.8,0.3,46.3,2.6,20,20,5,56.1,75,75,41,0.11,0.04,0.11,0.22,0.11,0.03,,0.14,,0.11,0.18,0.15,0.29,0.09,0.09,0.15,0.41,0.03,0.09,0.27,7.15,,1211,60.3,,18.5,175.4,,
147,Sugarcane hay,,,100,92.7,5.5,36.2,4.8,,,1.8,10.2,1.5,68.9,6.6,53.7,1.9,1.1,0.5,29.5,3.7,30,30,3,73.3,75,75,98,0.16,0.05,0.16,0.3,0.16,0.04,,0.19,,0.16,0.25,0.21,0.39,0.22,0.22,0.31,1.36,0.06,0.16,,16.78,,2429,86.8,,27.5,,,
148,Sugarcane silage,,,100,34.2,5.4,51.6,6.7,,,1.9,7.9,3,68.8,9.7,52,1.9,1,0.5,47.7,5.1,25,25,4,74.8,75,75,81,0.1,0.06,0.13,0.35,0.12,0.04,,0.16,,0.12,0.01,0.17,0.29,0.16,0.16,0.81,1.32,0.04,0.18,,9.53,,431.8,61.2,,33.4,,,
149,Sunflower hulls,,,,91.3,16.9,18,14,,,16.3,5.2,13.1,72.3,15.6,54.6,2,1.1,0.6,42,8.7,40,40,8,57.2,75,75,2,0.8,0.31,0.42,0.82,0.77,0.08,,0.51,,0.46,0.11,0.56,0.65,0.31,0.31,,1.39,0.44,0.29,0.12,12,,409,17,0.1,52,,,3.7
150,Sunflower meal,,,,90.4,35,32.4,8.8,,,10.8,6.4,1.1,41.7,9,66.4,2.4,1.5,0.9,27.9,8.3,35,35,4,78.6,75,75,23,3.46,0.83,1.5,2.4,1.5,0.75,,1.73,,1.58,0.68,2.41,0.44,0.57,0.57,0.15,1.56,0.04,0.4,1,31.55,,243.2,50.3,1,92.8,,,
151,Sunflower screenings,,,,89.3,15.4,30,22.5,,,21,6.1,3,47.2,12,56.5,2,1.2,0.6,20,8.3,35,35,4,78.6,75,75,23,1.52,0.36,0.66,1.06,0.66,0.33,,0.76,,0.7,0.3,1.06,0.73,0.44,0.44,0.11,1.61,0.03,0.23,,14.33,,33,40,2.3,36.3,,,
152,Sunflower silage,,,100,50.4,11.3,51.4,8.5,,,8.7,11.9,2.8,47.2,7.8,63.3,2.3,1.4,0.8,28,2.6,20,20,5,56.1,75,75,41,0.32,0.11,0.32,0.62,0.32,0.08,,0.39,,0.32,0.51,0.43,1.26,0.57,0.57,1.18,3.27,0.03,0.24,0.27,12.6,,839.6,39.8,,424.2,175.4,,
153,Sunflowers,,,,94,20.1,42.9,6.8,,,33.8,3.8,0.8,37.4,8.5,71.7,2.6,1.7,1.1,22.1,6.1,25,25,6,75.3,75,75,100,2.09,0.63,0.76,1.27,0.77,0.13,,1.17,,0.69,0.35,1.06,0.42,0.37,0.37,0.1,1.14,0.02,0.23,,20.88,,89,28,1,56.8,,,
154,Switchgrass hay,,,100,94.2,3.4,25,8.8,,,1.2,3.4,5.9,81.1,6.6,46.1,1.7,0.8,0.3,50,3.7,30,30,3,73.3,75,75,98,0.1,0.03,0.1,0.19,0.1,0.02,,0.12,,0.1,0.15,0.13,0.34,0.47,0.47,,0.97,0.07,0.08,,3.6,,,82.8,,11.7,,,
155,Teff (lovegrass) hay,,,100,88,10.7,25,16.9,,,1.1,10.5,6.4,66.4,17,45,1.6,0.8,0.3,25,5.1,30,30,5.5,49.3,75,75,92,0.69,0.28,0.65,0.99,0.65,0.08,,0.68,,0.54,0.2,0.77,0.47,0.19,0.19,,1.61,0.08,0.22,0.41,7,,170,52,0.6,20,19.3,1,
156,Timothy hay,,,100,87.8,9.4,25,6.1,14.2,,1.9,8.5,7.4,63.8,4.8,57,2.1,1.2,0.6,31,3.6,30,30,3,74,75,75,98,0.27,0.09,0.27,0.52,0.27,0.06,,0.33,,0.27,0.42,0.36,0.42,0.18,0.18,,1.92,0.01,0.16,,6,,150,56.1,1.6,17,88.9,2,
157,"Triticale forage, fresh",,,100,26,15.3,50.1,4.2,0.8,,2.9,8.9,1.7,56.6,3.5,61.4,2.2,1.4,0.8,22.7,3.1,30,30,3,80.8,75,75,41,0.43,0.15,0.43,0.84,0.43,0.1,,0.54,,0.43,0.69,0.59,0.34,0.17,0.17,0.75,2.58,0.05,0.19,,8.41,,434,62.7,,35.5,,,
158,Triticale grain,,,,88.8,12.1,30.2,2.5,,,1.6,2,61,14.1,1.8,82.7,3,2,1.4,32.6,10.7,40,40,6,88.4,75,75,,0.53,0.27,0.48,1.65,0.36,0.12,,0.59,,0.34,0.13,0.55,0.07,0.13,0.13,0.12,0.49,0.01,0.15,0.14,5.97,,52.4,45.7,0.3,35.6,,,14.4
159,Triticale hay,,,100,90.3,11.6,45.9,3.5,,,2.1,8.4,5.1,57.7,4.7,58.5,2.1,1.3,0.7,31.1,3.6,30,30,3,74.8,75,75,98,0.33,0.12,0.33,0.64,0.33,0.08,,0.41,,0.33,0.52,0.44,0.31,0.15,0.15,0.71,2.03,0.04,0.15,0.4,7.34,,230.1,42.7,0.1,25.4,15,,
160,Triticale silage,,,100,33,13.9,69.7,5,1.7,,3.7,10.7,1.9,58.6,4.7,57.8,2.1,1.2,0.7,18.1,2.6,20,20,5,56.1,75,75,41,0.39,0.14,0.39,0.76,0.39,0.09,,0.49,,0.39,0.63,0.53,0.43,0.17,0.17,1.02,2.92,0.05,0.2,1.12,8.84,,597.8,54,,35.9,175.4,,
161,Wheat bran,,,,90.1,17.5,39.8,3.2,,,4.3,5.5,21.2,40.1,4.1,71.9,2.6,1.7,1.1,35.7,3.2,40,40,4,72.1,75,75,19,1.36,0.52,0.64,1.15,0.64,0.13,,0.79,,0.65,0.21,0.94,0.13,0.42,0.42,0.1,1.2,0.03,0.19,0.11,12.43,0.1,165.1,130.6,0.4,79.5,,,
162,Wheat forage fresh,,,100,34.1,15.3,52.8,4.5,26.3,,3,8.9,4.1,54.2,3.9,61.7,2.2,1.4,0.8,24.4,5.8,25,25,9,79.6,75,75,41,0.43,0.15,0.43,0.84,0.43,0.1,,0.54,,0.43,0.69,0.59,0.36,0.16,0.16,0.76,2.42,0.06,0.19,0.57,8.52,,553,53.2,2.4,32.2,254.4,,
163,Wheat grain,,,,88.9,13.8,29.3,2.4,8.6,,1.9,2.3,62.4,12.4,1.5,86.8,3.1,2.1,1.5,35.6,10.7,40,40,6,88.4,75,75,,0.6,0.31,0.55,1.88,0.41,0.14,,0.67,,0.39,0.15,0.62,0.08,0.13,0.13,0.23,0.43,0.02,0.15,0.14,5.44,,60.3,43,0.3,29.3,,,14.4
164,"Wheat grain, flaked",,,,83,14.4,30,3.1,,,1.9,2,64.9,13.6,0.7,86.8,3.1,2.1,1.5,26,10.7,40,40,6,88.4,75,75,,0.62,0.32,0.57,1.97,0.43,0.14,,0.7,,0.41,0.15,0.65,0.04,0.15,0.15,0.09,0.42,0.02,0.14,0.14,4,,70,43,0.3,26,,,14.4
165,Wheat hay,,,100,89.9,11.1,40.3,3.9,9.4,,2,8.1,4.7,57.9,4.8,58.8,2.1,1.3,0.7,33.9,3.6,30,30,3,74,75,75,98,0.31,0.11,0.31,0.61,0.31,0.07,,0.39,,0.31,0.5,0.43,0.32,0.15,0.15,0.69,1.69,0.05,0.16,0.24,7,,333,58.3,0.1,21,37.2,,
166,Wheat middlings,,,,88.8,18.6,40.5,3.4,,,4.1,5.4,25.6,38.3,3.7,72.9,2.6,1.7,1.1,31.6,5.7,70,70,6,88,75,75,2,1.29,0.45,0.76,1.37,0.7,0.19,,0.88,,0.68,0.22,1.07,0.12,0.43,0.43,0.14,1.15,0.05,0.2,0.56,12.85,0.1,144.2,136.6,0.1,87.9,5.8,,26.9
167,Wheat silage,,,100,34.1,12.7,67.4,5,1.8,,3.4,10.3,6.6,56.5,4.8,59.1,2.1,1.3,0.7,17.8,3.7,50,50,6,64,75,75,61,0.55,0.28,0.5,1.73,0.38,0.12,,0.61,,0.36,0.13,0.57,0.38,0.16,0.16,0.82,2.38,0.05,0.18,1.49,8.17,,556.2,55.5,0.2,31.3,59,,
168,Wheat straw,,,100,91.8,5.1,40.8,5,2.5,,1.4,7.5,1.6,73.6,7.4,50,1.8,1,0.4,34.5,1.4,50,50,3,12.1,75,75,98,0.14,0.05,0.14,0.28,0.14,0.03,,0.18,,0.14,0.23,0.19,0.33,0.12,0.12,0.53,1.34,0.09,0.11,0.47,5.91,,214.4,64.1,0.2,17.1,1,0.1,
169,"Whey, wet",,,,16.6,6.3,81.4,2.8,50.6,,4,12.7,3.3,1.7,0.6,80.9,2.9,2,1.3,7,,,,,100,,75,,,,,,,,,,,,,,0.99,0.18,0.18,3.53,2.99,1.04,0.13,,11.12,,75.4,2.8,,30.5,,,
170,"Whey, dry",,,,93.8,13.9,85.6,,56.1,,2,12.7,1.3,0.6,0.1,82.3,3,2,1.4,23.2,,,,,100,,75,,,,,,,,,,,,,,0.61,0.14,0.14,1.36,1.76,1.13,0.21,,2.17,10.6,44.2,2.3,0.1,20.8,,,
800,Ammonium phosphate (dibasic),6-00-370,,,100,115.9,100,,,,,100,,,,,,,,,,,,,,,75,,,,,,,,,,,,,,,20.6,,,,,,,,,,,,,,,
801,Ammonium phosphate (monobasic),6-09-338,,,100,70.9,100,,,,,100,,,,,,,,,,,,,,,75,,,,,,,,,,,,,,,24.74,,,,,,,,,,,,,,,
802,Ammonium sulfate,6-09-339,,,100,134.1,100,,,,,100,,,,,,,,,,,,,,,75,,,,,,,,,,,,,,,,,,,,24.1,,1,,,,,,,,
803,Bone meal  ,6-00-400,,,97,13.2,40,,,,,100,,,,,,,,60,,,,,100,,75,,,,,,,,,,,,,,30.71,12.86,,,,,,,,,,,,,,,
804,Calcium carbonate,6-01-069,,,100,,,,,,,100,,,,,,,,100,,,,,,,75,,,,,,,,,,,,,,39.39,,,,,,,,,,,,,,,,
805,Calcium chloride anhydrous,,,,100,,,,,,,100,,,,,,,,100,,,,,,,75,,,,,,,,,,,,,,36.11,,,63.89,,,,,,,,,,,,,
806,Calcium chloride dihydrate,,,,100,,,,,,,100,,,,,,,,100,,,,,,,75,,,,,,,,,,,,,,27.26,,,54.96,,,,,,,,,,,,,
807,Calcium hydroxide,,,,100,,,,,,,100,,,,,,,,100,,,,,,,75,,,,,,,,,,,,,,54.09,,,,,,,,,,,,,,,,
808,Calcium oxide,,,,100,,,,,,,100,,,,,,,,100,,,,,,,75,,,,,,,,,,,,,,71.47,,,,,,,,,,,,,,,,
809,Calcium phosphate (monobasic),6-01-082,,,100,,,,,,,100,,,,,,,,100,,,,,,,75,,,,,,,,,,,,,,17.12,26.47,,,,,,,,,,,,,,,
810,Calcium sulfate dihydrate,6-01-089,,,100,,,,,,,100,,,,,,,,100,,,,,,,75,,,,,,,,,,,,,,23.28,,,,,,18.62,,,,,,,,,,
811,Cobalt carbonate,6-01-566,,,100,,,,,,,100,,,,,,,,100,,,,,,,75,,,,,,,,,,,,,,,,,,,,,460000,,,,,,,,,
812,Copper sulfate pentahydrate,6-01-720,,,100,,,,,,,100,,,,,,,,100,,,,,,,75,,,,,,,,,,,,,,,,,,,,12.84,,254500,,,,,,,,
813,Dicalcium phosphate,6-01-080,,,100,,,,,,,100,,,,,,,,100,,,,,,,75,,,,,,,,,,,,,,22,19.3,,,,,1.14,,,,,,,,,,
814,EDTA  ,6-01-842,,,100,,,,,,,100,,,,,,,,100,,,,,,,75,,,,,,,,,,,,,,,,,,,,,,,803400,,,,,,,
815,Iron sulfate,6-20-734,,,100,,,,,,,100,,,,,,,,100,,,,,,,75,,,,,,,,,,,,,,,,,,,,12.35,,,,218400,,,,,,
816,Limestone  ,6-02-632,,,100,,,,,,,100,,,,,,,,100,,,,,,,75,,,,,,,,,,,,,,34,,2.06,,,,,,,,,,,,,,
817,"Limestone dolomitic, magnesium",6-02-633,,,100,,,,,,,100,,,,,,,,100,,,,,,,75,,,,,,,,,,,,,,22.3,,9.99,,,,,,,,,,,,,,
818,Magnesium carbonate,6-02-754,,,100,,,,,,,100,,,,,,,,100,,,,,,,75,,,,,,,,,,,,,,0.02,,30.81,,,,,,,,,,,,,,
819,Magnesium chloride hexadydrate,,,,100,,,,,,,100,,,,,,,,100,,,,,,,75,,,,,,,,,,,,,,,,11.96,34.88,,,,,,,,,,,,,
820,Magnesium hydroxide,,,,100,,,,,,,100,,,,,,,,100,,,,,,,75,,,,,,,,,,,,,,,,41.69,,,,,,,,,,,,,,
821,Magnesium oxide,6-02-756,,,100,,,,,,,100,,,,,,,,100,,,,,,,75,,,,,,,,,,,,,,3.07,,56.2,,,,,,,,,,,,,,
822,Magnesium sulfate heptahydrate,6?02?758,,,100,,,,,,,100,,,,,,,,100,,,,,,,75,,,,,,,,,,,,,,,,9.86,,,,13,,,,,,,,,,
823,Manganese carbonate,6-03-036,,,100,,,,,,,100,,,,,,,,100,,,,,,,75,,,,,,,,,,,,,,,,,,,,,,,,,478000,,,,,
824,Manganese oxide,6-03-056,,,100,,,,,,,100,,,,,,,,100,,,,,,,75,,,,,,,,,,,,,,,,,,,,,,,,,774500,,,,,
825,Manganese sulfate monohydrate,,,,100,,,,,,,100,,,,,,,,100,,,,,,,75,,,,,,,,,,,,,,,,,,,,18.97,,,,,325000,,,,,
826,Manganese sulfate pentahydrate,,,,100,,,,,,,100,,,,,,,,100,,,,,,,75,,,,,,,,,,,,,,,,,,,,13.3,,,,,227890,,,,,
827,Oystershell ground,6-03-481,,,100,,,,,,,100,,,,,,,,100,,,,,,,75,,,,,,,,,,,,,,38,,,,,,,,,,,,,,,,
828,Phosphate deflourinated,6-01-780,,,100,,,,,,,100,,,,,,,,100,,,,,,,75,,,,,,,,,,,,,,32,18,,,,,,,,,,,,,,,
829,Phosphate mono-mono,6-04-288,,,100,,,,,,,100,,,,,,,,100,,,,,,,75,,,,,,,,,,,,,,,22.5,,,,16.68,,,,,,,,,,,
830,Phosphate rock,6-03-945,,,100,,,,,,,100,,,,,,,,100,,,,,,,75,,,,,,,,,,,,,,35,13,,,,,,,,,,,,,,,
831,"Phosphate rock, low fluor",6-03-946,,,100,,,,,,,100,,,,,,,,100,,,,,,,75,,,,,,,,,,,,,,36,14,,,,,,,,,,,,,,,
832,"Phosphate rock, soft",6-03-947,,,100,,,,,,,100,,,,,,,,100,,,,,,,75,,,,,,,,,,,,,,17,9,,,,,,,,,,,,,,,
833,Phosphoric acid,6-03-707,,,100,,,,,,,100,,,,,,,,100,,,,,,,75,,,,,,,,,,,,,,,31.6,,,,,1.55,,,,,,,,,,
834,Potassium bicarbonate,6-29-493,,,100,,,,,,,100,,,,,,,,100,,,,,,,75,,,,,,,,,,,,,,,,,,39.05,,,,,,,,,,,,
835,Potassium carbonate,,,,100,,,,,,,100,,,,,,,,100,,,,,,,75,,,,,,,,,,,,,,,,,,56.58,,,,,,,,,,,,
836,Potassium chloride,6-03-755,,,100,,,,,,,100,,,,,,,,100,,,,,,,75,,,,,,,,,,,,,,,,,47.3,50,,,,,,,,,,,,
837,Potassium iodide,6-03-759,,,100,,,,,,,100,,,,,,,,100,,,,,,,75,,,,,,,,,,,,,,,,,,21,,,,,681700,,,,,,,
838,Potassium sulfate,6-06-098,,,100,,,,,,,100,,,,,,,,100,,,,,,,75,,,,,,,,,,,,,,,,,,41.84,,17.35,,,,,,,,,,
839,Salt (sodium chloride),6-04-152,,,100,,,,,,,100,,,,,,,,100,,,,,,,75,,,,,,,,,,,,,,,,,60.66,,39.34,,,,,,,,,,,
840,Sodium bicarbonate,6-04-272,,,100,,,,,,,100,,,,,,,,100,,,,,,,75,,,,,,,,,,,,,,,,,,,27,,,,,,,,,,,
841,"Sodium phosphate (monobasic, monohydrate)",6-04-288,,,100,,,,,,,100,,,,,,,,100,,,,,,,75,,,,,,,,,,,,,,,22.5,,,,16.68,,,,,,,,,,,
842,Sodium selenite,6-26-013,,,100,,,,,,,100,,,,,,,,100,,,,,,,75,,,,,,,,,,,,,,,,,,,26.6,,,,,,,456000,,,,
843,Sodium sulfate decahydrate,6-04-292,,,100,,,,,,,100,,,,,,,,100,,,,,,,75,,,,,,,,,,,,,,,,,,,14.27,9.95,,,,,,,,,,
844,Sodium tripolyphosphate,6-08-076,,,100,,,,,,,100,,,,,,,,100,,,,,,,75,,,,,,,,,,,,,,,25,,,,31,,,,,,,,,,,
845,Zinc oxide,6-05-553,,,100,,,,,,,100,,,,,,,,100,,,,,,,75,,,,,,,,,,,,,,,,,,,,,,,,,,,780000,,,
846,Zinc sulfate,6-05-555,,,100,,,,,,,100,,,,,,,,100,,,,,,,75,,,,,,,,,,,,,,,,,,,,17.68,,,,,,,363600,,,
