#,Feed,AAFCO#,AFFCO 2010,IFN #,DM (%),CP (%DM),Crude Fiber (%DM),"Ether extract (EE, %DM)","Acid ether extract (AEE, %DM)",Ash (%DM),GE (kcal/kg),DE (kcal/kg),ME (kcal/kg),NE (kcal/kg),Lactose (%DM),Sucrose (%DM),Raffinose (%DM),Stachyose (%DM),Verbascose (%DM),Oligosaccharides (%DM),Starch (%DM),"Neutral detergent fiber (NDF, %DM)","Acid detergent fiber (ADF, %DM)",Hemicellulose (%DM),"Acid detergent Lignin (ADL, %DM)","Total dietary fiber (TDF, %DM)","Insoluble dietary fiber (IDF, %DM)","Soluble dietary fiber (SDF, %DM)",CP %,"Arginine (Arg, %DM)","Histidine (His, %DM)","Isoleucine (Ile, %DM)","Leucine (Leu, %DM)","Leucine (Lys, %DM)","Methionine (Met, %DM)","Phenylalanine (Phe, %DM)","Threonine (Thr, %DM)","Tryptophan (Trp, %DM)","Valine (Val, %DM)","Alanine (Ala, %DM)","Aspartic acid (Asp, %DM)","Cysteine (Cys, %DM)","Glutamine (Glu, %DM)","Glycine (Gly, %DM)","Proline (Pro, %DM)","Serine (Ser, %DM)","Tyrosine (Tyr, %DM)","CP, Digestibility (AID, %DM)","Arg, Digestibility (AID, %DM)","His, Digestibility (AID, %DM)","Ile, Digestibility (AID, %DM)","Leu, Digestibility (AID, %DM)","Lys, Digestibility (AID, %DM)","Met, Digestibility (AID, %DM)","Phe, Digestibility (AID, %DM)","Thr, Digestibility (AID, %DM)","Trp, Digestibility (AID, %DM)","Val, Digestibility (AID, %DM)","Ala, Digestibility (AID, %DM)","Asp, Digestibility (AID, %DM)","Cys, Digestibility (AID, %DM)","Glu, Digestibility (AID, %DM)","Gly, Digestibility (AID, %DM)","Pro, Digestibility (AID, %DM)","Ser, Digestibility (AID, %DM)","Tyr, Digestibility (AID, %DM)","CP, Digestibility (SID, %DM)","Arg, Digestibility (SID, %DM)","His, Digestibility (SID, %DM)","Ile, Digestibility (SID, %DM)","Leu, Digestibility (SID, %DM)","Lys, Digestibility (SID, %DM)","Met, Digestibility (SID, %DM)","Phe, Digestibility (SID, %DM)","Thr, Digestibility (SID, %DM)","Trp, Digestibility (SID, %DM)","Val, Digestibility (SID, %DM)","Ala, Digestibility (SID, %DM)","Asp, Digestibility (SID, %DM)","Cys, Digestibility (SID, %DM)","Glu, Digestibility (SID, %DM)","Gly, Digestibility (SID, %DM)","Pro, Digestibility (SID, %DM)","Ser, Digestibility (SID, %DM)","Tyr, Digestibility (SID, %DM)","Ca, Macro (%DM)","Cl, Macro (%DM)","K, Macro (%DM)","Mg, Macro (%DM)","Na, Macro (%DM)","P, Macro (%DM)","S, Macro (%DM)","Cr, Micro (ppm)","Cu, Micro (ppm)","Fe, Micro (ppm)","I, Micro (ppm)","Mn, Micro (ppm)","Se, Micro (ppm)","Zn, Micro (ppm)",Phytate P (%DM),ATTD of P (%DM),STTD of P (%DM),ß-carotene (mg/kg),Vitamin E (mg/kg), Vitamin B6 (mg/kg),Vitamin B12 (µg/kg),Biotin (mg/kg),Folacin (mg/kg),Niacin (mg/kg),Pantothenic acid (mg/kg),Riboflavin (mg/kg),Thiamin (mg/kg),Choline (mg/kg),"Ether extract (EE, % DM)",C-12:0 (%EE),C-14:0 (%EE),C-16:0 (%EE),C-16:1 (%EE),C-18:0 (%EE),C-18:1 (%EE),C-18:2 (%EE),C-18:3 (%EE),C-18:4 (%EE),C-20:0 (%EE),C-20:1 (%EE),C-20:4 (%EE),C-20:5 (%EE),C-22:0 (%EE),C-22:1 (%EE),C-22:5 (%EE),C-22:6 (%EE),C-24:0 (%EE),SFA (%EE),MUFA (%EE),PUFA (%EE),IV (%EE),IVP (%EE)
1,Alfalfa Hay,3.1,P324,1-30-293,90.33,19.32,,2.3,,11,4077,1830,1699,878,,,,,,,1.02,37,31.01,,6.65,,,,19.32,,,,,,,,,,,,,,,,,,,,,,,,,,,,,,,,,,,,,,,,,,,,,,,,,,,,,,,,,1.46,,2.48,0.27,0.02,0.26,0.28,,5.5,587,,41.32,0.24,25.33,,,,,,,,,,,,,,,,,,,,,,,,,,,,,,,,,,,,,,
2,Alfalfa Meal,3.2,P324,1-00-022,92.3,16.25,,1.7,1.7,10.1,4038,1830,1720,897,,,,,,,3.4,42,32.15,14.7,8.3,,,,16.24,0.71,0.37,0.68,1.21,0.74,0.25,0.84,0.7,0.24,0.86,0.87,1.93,0.18,1.61,0.81,0.89,0.73,0.55,39,64,50,59,63,50,64,62,51,39,55,53,64,20,51,41,61,50,59,,74,59,68,71,56,71,70,63,46,64,59,68,37,58,51,74,59,66,1.14,0.47,2.3,0.23,0.09,0.3,,,10,333,,32,0.34,24,,50,55,94.6,49.8,6.5,0,0.54,4.36,38,29,13.6,3.4,1401,2.6,1,0.95,12.8,0.7,1.9,2.2,9.65,18.5,0,1.8,0,0,0,1.45,0,0,0,0.7,20.6,2.9,28.15,70.73,18.39
3,Bakery Meal,60.15,P375,4-00-466,90.8,12.3, ,8.05,,,4558,3940,3856,2981,,,,,,,52.8,2,5.51,,,,,,12.3,0.58,0.22,0.51,0.88,0.41,0.19,0.5,0.42,0.15,0.53,0.52,0.45,0.18,1.92,0.78,0.98,0.56,0.55,,,,,,,,,,,,,,,,,,,,, , ,94,90,77,90, ,69,91,93,,,91,,,,,,0.13,1.48,0.39,0.24,1.14,0.25,0.02, ,5,28, ,65, ,15,,,,4.2, ,4.3,0,0.07,0.2,26,8.3,1.4,2.9,923,,,,,,,,,,,,,,,,,,,,,,,,
4,Barley,N/A,N/A,4-00-572 ,89.9,11.33,3.9,2.11,2.1,2.38,3939,3150,3073,2327, , , , , , ,50.21,18.29,5.78,14.1,2.28,15.35,,,11.33,0.53,0.27,0.37,0.72,0.4,0.2,0.53,0.36,0.13,0.52,0.44,0.65,0.26,2.5,0.45,1.11,0.45,0.28,66,75,73,72,74,66,76,76,60,73,71,60,63,73,82,53,60,68,68,79,85,81,79,81,75,82,81,76,82,80,73,75,81,87,82,88,80,78,0.06,0.12,0.38,0.14,0.02,0.35,0.13, ,5.43,75.7, ,16.29,0.1,28.09,0.22,39,45,4.1,7.4,5,0,0.14,0.31,55,8,1.8,4.5,1034,1.6,0.25,0.5,17.88,0.25,0.75,10.5,43.44,4.81, ,0,0, , , , ,, , ,19.38,10.75,48.25,101.46,16.23
5,"Barley, Hulless",N/A,N/A,4-00-552 ,89.58,12.77,1.1,3.17, ,1.94,3959,3266,3179,2464,,,,,,,54.56,12.55,2.18,,,,,,12.77,0.68,0.4,0.35,0.74,0.51,0.2,0.54,0.37,0.13,0.55,0.58,0.64,0.23,3.61,0.71,0.97,0.63,0.25,63,68,71,65,68,56,68,70,56, ,66,54,58,64,77,47,67,63,65,69,77,77,75,75,65,73,75,70, ,75,66,70,72,80,77,112,73,74,0.06,0.1,0.44,0.12,0.02,0.36,, ,5,56, ,16, ,27,0.26,31,36,,6,5.6,0,0.07,0.62,48,6.8,1.8,4.3,,,,,,,,,,,,,,,,,,,,,,,,,
6,"Beans, Faba",N/A,N/A,N/A,88.12,27.16,8.55,1.3, ,3.43,4473,3245,3060,2143,0,0,0,0,0, ,39.22,13.29,10.33,1.86,0.48,,,,27.16,2.43,0.72,1.13,1.94,1.65,0.19,1.19,0.91,0.22,1.22,1.05,2.8,0.34,4.4,1.09,0.99,1.22,0.84,73,88,76,77,79,82,65,77,70,61,73,72,81,56,85,62,50,77,74,79,90,79,81,82,85,73,80,78,64,78,78,85,62,88,76,87,83,82,0.14,0.07,1.2,0.15,0.03,0.42,0.29, ,11,75, ,15,0.02,42,0.23,32,36,,0.8,,0,0.09, ,26,3,2.9,5.5,1670,1.3,0,0.32,13.52,0,2.08,20.8,39.68,2.8,0,0,0,0,0,0,0,0,0,0,15.92,20.8,42.48,98.16,12.76
7,"Beans, Phaselous Beans",N/A,N/A,N/A,,22.9,,,,,,,,,,,,,,,34.4,,,,,,,,22.9,1.91,0.74,1.17,2.05,1.67,0.29,1.41,1.12,0.27,1.33,1.12,3.06,0.29,4.17,1.06,1.04,1.54,0.85,49,70, ,50,52,65,52,41,50,50,49,50,45,38,53,41, ,53,52,,72,58,54,55,68,55,44,55,55,53,55,47,45,56,50,60,57,56,0.21, , , , ,0.52,,,,,,,,,0.17,38,43,,,,,,,,,,,,,,,,,,,,,,,,,,,,,,,,,,,
8,Blood Cells,9.24,P328,N/A,93.43,92.83, ,1.5,1.5,7,5216,,,,,,,,,,0,,0,,,,,,92.83,3.37,5.84,0.31,12.72,7.75,0.97,6.66,3.43,1.72,8.44, , ,0.58, , , , ,2.32,,,,,,,,,,,,,,,,,,,,,,,,,,,,,,,,,,,,,,,0.02,0.96,0.8,0.02,0.84,0.34,0.49, ,2.55,2675, ,0.4,1,15.75, ,80,93,,,,,,,,,,,,,,,,,,,,,,,,,,,,,,,,,,,
9,Blood Meal,9.61,P330,5-26-005,93.23,88.65, ,1.45,2,5.82,5330,4376,3773,2279,,,,,,,0,,0,,,,,,88.65,3.83,5.39,0.97,11.45,8.6,1.18,6.15,4.36,1.34,7.96,7.29,7.78,1.26,7.18,3.69,5.03,4.64,2.66,87,91,90,68,85,93,82,91,86,89,91,89,87,81,86,86,85,88,82,89,92,91,73,93,93,88,92,87,91,92,90,88,86,87,88,88,89,88,0.05,0.63,0.15,0.11,0.63,0.21,0.47, ,7.6,1494, ,0, ,49.1, ,67,88,,1,4.4,44,0.03,0.1,31,2,2.4,0.4,852,,,,,,,,,,,,,,,,,,,,,,,,
10,Blood Plasma,9.72,P331,N/A,91.97,77.84, ,2,2.7,8.68,4733,4546,4017,2506,,,,,,,0,,0,,,,,,77.84,4.39,2.53,2.69,7.39,6.9,0.79,4.25,4.47,1.41,5.12,4.01,7.39,2.6,10.92,2.75,4.3,4.15,3.89,76,88,85,81,84,85,80,83,77,85,79,81,83,82,85,73,87,84,74,81,91,87,85,87,87,84,86,80,92,82,85,86,85,87,85,99,87,76,0.13,1.19,0.02,0.03,2.76,1.28,1.02, ,14.75,81, ,2.5,1.6,13.45, ,92,98,,,,,,,,,,,,,,,,,,,,,,,,,,,,,,,,,,,
11,Brewers Grains,15.1,P333,5-00-516 ,92,26.5, ,4.72,7.3,,4805,2100,1920,1155,,,,,,,5.3,48.7,20.14,,,,,,26.5,1.53,0.53,1.02,2.08,1.08,0.45,1.22,0.95,0.26,1.26,1.43,1.94,0.49,5.13,1.1,2.36,1.2,0.88,70,81,70,81,73,69,74,81,70,73,73,71,70,67,71,66,69,68,91, ,93,83,87,86,80,87,90,80,81,84,74,74,76,74,74,74,74,93,0.21,0.15,0.08,0.16,0.26,0.58,0.31, ,21,250, ,38,0.7,62,0.35,32,39,0.2,,0.7,0,0.06,7.1,43,8,1.4,0.6,1723,6.7,0,0.54,9.99,0,0.68,5.4,24.93,2.52,0,0,0,0,0,0,0,0,0,0,11.21,5.4,27.45,56.86,38.1
12,Camelina Meal,N/A,N/A,N/A, ,35.15,11.9,18.5,,,4931,,,,,,,,,,6.5,,,,,,,,35.15,2.11,0.8,1.32,2.21,1.62,0.87,1.4,1.3,0.42,1.81,1.55,2.75,0.95,5.77,1.75, ,1.34,0.77,,,,,,,,,,,,,,,,,,,,,,,,,,,,,,,,,,,,,,,0.21, ,1.23,0.4,0.01,0.77,0.72, ,6.8,137, ,23.85, ,47.95,,,,,,,,,,,,,,,,,,,,,,,,,,,,,,,,,,,,,,
13,"Canola, Full Fat",N/A,N/A,N/A,94.57,22.06,6.1,43.61, ,3.71,6371,5234,5084,4059,,,,,,,0.7,16.71,12.57,1.46,5.4,,,,22.06,1,0.6,0.6,1.14,1.01,0.38,0.73,0.83,0.23,0.83,0.84,1.48,0.46,3.66,0.74,0.6,0.85,0.55,66,81,77,73,73,70,78,73,64,66,66,70,66,66,77,62,70,69,70,64,84,80,74,76,73,81,77,70,71,71,73,71,70,84,73,79,76,75,0.36, ,1.02,0.19, ,0.7, , ,2.5,51.6, ,38.1, ,27.23,0.79,28,32,,,,,,,,,,,,42,0,0.1,3.99,0.38,1.71,55.1,19.48,9.31,0,0,0,0,0,0,0,0,0,0,5.8,55.48,28.79,110.59,464.49
14,"Canola Meal, Expelled",71.25,P385,5-03-870,93.11,35.19,9.77,9.97,,6.39,4873,3779,3540,2351,,,,,,,3.8,23.77,17.57,5.48,7.31,25.81,,,35.19,1.76,0.82,1.67,1.95,1.58,0.61,1.48,1.22,0.32,1.63,1.36,2.17,0.79,5.82,1.67,0.99,0.99,0.78,70,80,76,76,77,70,82,79,67,72,71,73,71,74,82,64,66,68,72,75,83,78,78,78,71,83,80,70,73,73,76,73,76,84,70,132,71,74,0.69,,,0.52,,1.15,,,5.4,232,,60.3,,72,0.87,28,32,,,,,,,,,,,,2.3,0,0.08,3.36,0.32,1.44,46.4,16.4,7.84,0,0,0,0,0,0,0,0,0,0,4.88,46.72,24.24,93.13,21.42
15,"Canola Meal, Solvent Extracted",71.77,P384,5-05-146,91.33,37.5,10.5,3.22,,6.89,4332,3273,3013,1890, , , , , ,26.77,6.07,22.64,15.42,5.29,3.36,26.6, , ,37.5,2.28,1.07,1.42,2.45,2.07,0.71,1.48,1.55,0.43,1.78,1.61,2.56,0.86,6.35,1.8,2.02,1.49,1.06,68,82,75,72,74,71,82,74,65,66,69,72,72,70,81,69,66,69,72,74,85,78,76,78,74,85,77,70,71,74,77,76,74,84,78,92,75,77,0.69,0.11,1.69,0.28,0.07,1.08,0.85, ,4.9,163, ,76.9,1.1,49.73,0.65,28,32, ,13.4,7.2,0,0.98,0.83,160,9.5,5.8,5.2,6700,2.3,0,0.08,3.36,0.32,1.44,46.4,16.4,7.84,0,0,0,0,0,0,0,0,0,0,4.88,46.72,24.24,93.13,21.42
16,Cassava Meal,N/A,M,4-01-152,88.09,2.88,4.18,0.94, ,5.7,3451,3407,3387,2647,0,0,0,0,0, ,67.85,6.55,5.99,,,,,,2.88,0.18,0.08,0.11,0.19,0.12,0.04,0.15,0.11,0.04,0.14, , ,0.05, , , , ,0.04,,,,,,,,,,,,,,,,,,,, ,90,80,81,79,71,84,80,73,77,76,,,68, , , , ,76,0.28,0.07,0.49,0.11,0.03,0.12,0.5, ,4,18, ,28,0.1,10,0.04,10,24, ,0.2,0.7,0,0.05, ,3,0.3,0.8,1.6, ,0.7,3.12,1.36,25.52,0.56,2.32,28.16,13.12,6.08,0,0,0,0,0,0,0,0,0,0,32.8,28.72,19.2,66.23,4.64
17,Citrus Pulp,21.1,P337,4-01-237,90.9,6.64, ,2.49, ,7.73,3828,2773,2728,1757, , , , , , ,2.53,21.23,20.2, , , , , ,6.64,0.26,0.12,0.18,0.32,0.19,0.07,0.24,0.18,0.05,0.24,0.25,0.6,0.08,0.52,0.24,0.53,0.23,0.16,,,,,,,,,,,,,,,,,,,, ,89,84,81,83,77,85,84,76,77,78,,,73, , , , ,86,1.71, ,0.74,0.11,0.52,0.09,0.07, ,2.69,76.87, ,8.52, ,30.59,0.04,,,,,,,,,,,,,,2.2,0.48,0.42,15.54,0,2.88,15.54,21.54,3.84,0,0,0,0,0,0,0,0,0,0,19.32,15.54,25.38,63.45,13.96
18,Copra Expelled,N/A,N/A,N/A,,20.4,,,,,4308,3756,3617, ,,,,,,,0.6,,,,,,,,20.4,2.45,0.4,0.72,1.39,0.56,0.34,0.94,0.67,0.16,1.08,0.94,1.77,0.34,4.08,0.94,0.79,0.94,0.54,52,56,53,53,54,51,55,54,49,49,53,53,53,52,55,48,43,51,52, ,58,58,58,58,58,58,58,58,58,58,58,58,58,58,58,58,58,58,0.04,,,,,0.52,,,,,,,,,0.22,61,72,,,,,,,,,,,,8.2,41.76,15.93,8.01,0.36,2.7,5.85,1.62,0.09,0,0.45,0,0,0,0,0,0,0,0,80.64,6.21,1.71,8.79,7.21
19,Copra Meal,71.61,P384,5-01-573,92,21.9, ,3, , ,4199,3010,2861,1747, , , , , , ,2.6,51.3,25.5, , , , , ,21.9,2.38,0.39,0.75,1.36,0.58,0.35,0.84,0.67,0.19,1.07,0.83,1.58,0.29,3.71,0.83,0.69,0.85,0.58,52,81,63,64,68,51,67,71,51,63,68,53,54,54,55,49,44,51,53, ,88,70,72,73,64,77,75,67,69,71,58,58,65,58,58,58,58,72,0.13,0.37,1.83,0.31,0.04,0.58,0.31, ,25,486, ,69, ,49,0.26,34,44, ,7.7,4.4, ,0.25,0.3,28,6.5,3.5,0.7,1089,,,,,,,,,,,,,,,,,,,,,,,,
20,"Corn, Yellow Dent",48.4,P355,4-02-861,88.31,8.24,1.98,3.48,3.68,1.3,3933,3451,3395,2672,0,0.09,0.01,0.01,0.01, ,62.55,9.11,2.88, ,0.32,13.73, , ,8.24,0.37,0.24,0.28,0.96,0.25,0.18,0.39,0.28,0.06,0.38,0.6,0.54,0.19,1.48,0.31,0.71,0.38,0.26,65,75,77,73,82,60,77,78,61,62,71,77,71,75,80,50,50,74,74,80,87,83,82,87,74,83,85,77,80,82,81,79,80,84,84,93,82,79,0.02,0.05,0.32,0.12,0.02,0.26, , ,3.41,18.38, ,4.31,0.07,16.51,0.21,26,34,0.8,11.65,5,0,0.06,0.15,24,6,1.2,3.5,620,4.74,0,0,12,0.08,1.58,26.31,44.24,1.37, ,0,0, , , , , , , ,13.59,26.39,45.61,107.54,50.98
21,"Corn, Nutridense",48.4,P355,4-02-861,87.93,9.02,2.22,4.85,5.01,1.44,3987,3455,3394,2718, , , , , , ,67.44,6.98,2.33, , ,9.6, , ,9.02,0.44,0.26,0.32,1.09,0.27,0.2,0.43,0.31,0.07,0.44,0.66,0.6,0.22,1.66,0.32,0.77,0.42,0.28,74,75,77,76,83,65,79,80,62,65,72,76,75,78,68,51,45,74,70,83,83,82,85,87,79,83,86,78,76,81,85,82,82,75,88,85,85,80,0.04, ,0.3,0.11, ,0.27, ,,,,,,,,0.16,26,34,,,,,,,,,,,,,,,,,,,,,,,,,,,,,,,,,,,
22,Corn Bran,48.2,P355,4-02-841,88.5,9.53,6.61,8.52, ,2.53,4652,2649,2584,1977,,0,0,0,0, ,31.73,32.96,9.23, , , , , ,9.53,0.56,0.29,0.3,0.97,0.35,0.19,0.37,,0.08,0.46,0.67,0.65,0.2,1.49,0.41,0.76,0.43,0.3,63, , ,70,80,59,82,74,55,54,69,74,62,64,73,50,65,68,76, ,89,83,81,84,74,86,83,74,75,79,80,73,73,80,70,77,81,85,0.47, , , , ,0.29,,,,,,,,,,20,27,,,,,,,,,,,,0.92,0,0,12.07,0.11,1.63,26.41,44.35,1.41, ,0,0, , , , ,, , ,13.7,26.52,45.76,107.97,9.93
23,Corn Distillers Dried Grains,27.5,P343,5-02-842,90.82,28.89,9.48,8.69, ,3.04,4919,3355,3158,2109, , , , , , ,3.83,41.86,15.55, , ,43.9, , ,28.89,1.22,0.78,1.19,4.03,0.87,0.62,1.62,1.13,0.21,1.56,2.33,1.94,0.57,5.14,1.09,2.54,1.39,1.31,67,75,81,80,84,73,88,83,71,63,78,78,69,77,85,40,12,76, ,76,83,84,83,86,78,89,87,78,71,81,82,74,81,87,66,55,82,80,0.08,0.08,0.17,0.25,0.09,0.56, , ,45,220, ,22,0.4,55,,,,3,12.9,4.4,0,0.49,0.9,37,11.7,5.2,1.7,1180,,,,,,,,,,,,,,,,,,,,,,,,
24,"Corn Distillers Dried Grains with Solubles, greater than ten percent Oil",27.6,P343,5-02-843,89.31,27.33,7.06,10.43,11.27,4.11,4849,3620,3434,2384, , , , , , ,6.73,32.5,11.75, ,2.61,31.35,, ,27.33,1.16,0.71,1.02,3.13,0.77,0.55,1.34,0.99,0.21,1.35,1.93,1.82,0.51,4.35,1.04,2.09,1.18,1.04,64,74,74,72,82,55,80,78,64,63,71,74,63,69,76,42,34,70,78,74,81,78,76,84,61,82,81,71,71,75,79,69,73,81,64,74,77,81,0.12, ,0.9,0.29,0.22,0.73,0.66, ,7.65,126, ,17.92, ,65.05,0.26,60,65,,,,,,,,,,,,,,,,,,,,,,,,,,,,,,,,,,,
25,"Corn Distillers Dried Grains with Solubles, greater than six and less than nine percent Oil",27.6,P343,5-02-843,89.35,27.36,8.92,8.9,8.71,4.04,4710,3582,3396,2343, , , , , , ,9.63,30.46,12.02,,,,, ,27.36,1.23,0.74,1.06,3.25,0.9,0.57,1.37,0.99,0.2,1.39,2.13,2.01,0.44,5.35,1.13,2.36,1.4,1.22,64,74,74,72,82,55,80,78,64,63,71,74,63,69,76,42,34,70,78,74,81,78,76,84,61,82,81,71,71,75,79,69,73,81,64,74,77,81,0.08,0.2,0.88,0.49,0.3,0.6,0.48, ,6.04,147, ,16.51,0.39,51.62,,60,65,3.5, ,8,0,0.78,0.9,75,14,8.6,2.9,2637,,,,,,,,,,,,,,,,,,,,,,,,
26,"Corn Distillers Dried Grains with Solubles, less than four percent Oil",27.6,P343,5-02-843,89.25,27.86,6.19,3.57, ,4.64,5098,3291,3102,2009, , , , , , ,10,33.75,16.91,,,,, ,27.86,1.31,0.82,1.02,3.64,0.68,0.5,1.69,0.97,0.18,1.34,2.13,1.84,0.51,4.26,1.18,2.11,1.3,1.13,64,74,74,72,82,55,80,78,64,63,71,74,63,69,76,42,34,70,78,74,81,78,76,84,61,82,81,71,71,75,79,69,73,81,64,74,77,81,0.05, , , , ,0.76, ,,,,,,,,,60,65,,,,,,,,,,,,3.9,0,0.08,8.33,0.3,1.35,20.18,42.38,0.75,0,0,0,0,0,0,0,0,0,0,9.75,20.48,43.13,97.17,37.9
27,Corn HP Distillers Dried Grains,27.5,P343,5-02-842,91.2,45.35,7.3,3.54,3.7,2.39,5173,4040,3732,2342, , , , , ,,10.15,33.63,20.63, ,3.77,,, ,45.35,1.62,1.07,1.83,6.18,1.22,0.93,2.42,1.59,0.24,2.12,3.32,2.75,0.82,7.52,1.39,3.65,1.96,1.92,70,81,77,77,85,65,85,82,70,76,75,80,71,75,82,55,64,79,83,76,85,79,80,86,69,86,84,75,82,78,82,74,78,83,70,79,82,85,0.02, ,0.37,0.09,0.06,0.36,0.75, ,2.03,65.3, ,7, ,27.3,0.11,64,73,,,,,,,,,,,,,,,,,,,,,,,,,,,,,,,,,,,
28,Corn Distillers Solubles,27.4,P342,5-02-844,87.8,18.7, ,12.07, ,8.7,4717,3325,3198,2312,, , , , ,,5.27,24.8,7.5,,,,, ,18.7,0.9,0.6,0.7,1.8,0.8,0.4,0.8,0.8,0.2,1.1,1.3,1.3,0.4,2.3, ,1.3,0.8,0.6,,,,,,,,,,,,,,,,,,,,,,,,,,,,,,,,,,,,,,,0.29,0.25,1.5,0.64,0.26,1.24,0.37, ,83,560, ,74,0.33,85,,,,,,8.8,3,1.66,1.1,116,21,17,6.9,4842,,,,,,,,,,,,,,,,,,,,,,,,
29,Corn Germ,48.32,P357,N/A,90.87,14.79, ,19.74,17.6,5.54,4919,3670,3569,2807,0,0,0,0,0, ,23.51,18.27,6.67, ,2.37,,, ,14.79,1.11,0.42,0.43,1.05,0.78,0.26,0.57,0.52,0.1,0.72,0.91,1.1,0.32,1.94,0.77,0.95,0.59,0.41,33,79,65,51,61,56,67,57,42,50,57,53,47,58,63,14,34,48,51,56,87,72,61,69,64,72,66,57,63,67,64,60,66,72,76,84,65,61,0.02, ,1.53,0.52,0.01,1.27,0.17, ,5.3,96.7, ,22.3, ,83.7,1.07,33,37,,,,,,,,,,,,,,,,,,,,,,,,,,,,,,,,,,,
30,Corn Germ Meal,48.22,P357,5-02-894,90.1,23.33,9.53,2.12,5.41,2.96,4178,2988,2830,1888,,,,,,,14.2,44.46,10.75,43.28,1.09,41.56,, ,23.33,1.49,1.17,0.64,0.75,1.7,1.04,0.37,0.89,0.78,0.63,1.26,1.5,0.25,0.33,2.87,0.91,1.07,0.63,60,76,71,66,72,53,77,75,59,53,64,62,60,59,62,55,59,59,75, ,83,78,75,78,62,80,81,70,66,73,65,65,63,65,65,65,65,79,0.03, ,0.54,0.36, ,0.9,0.36, ,7.03, , ,20.99, ,133, ,33,37,,,,,,,,,,,,2.5,0,0.08,8.33,0.3,1.35,20.18,42.38,0.75,0,0,0,0,0,0,0,0,0,0,9.75,20.48,43.13,97.17,24.29
31,Corn Gluten Feed,48.13,P356,5-02-903,87.13,17.39,7.08,4.21, ,5.14,3989,2990,2872,2043,0,0,0,0,0, ,23.67,27.5,8.43, , ,26.8, , ,17.39,1.04,0.67,0.66,1.96,0.63,0.35,0.76,0.74,0.07,1.01,1.28,1.05,0.46,3.11,0.79,1.56,0.78,0.58,64,79,69,68,81,51,79,80,57,47,71,80,66,53,78,52,71,68,80, ,86,75,80,85,66,82,85,71,66,77,84,72,62,82,62,78,76,84,0.09,0.22,0.98,0.33,0.15,0.78,0.22, ,48,460, ,24,0.27,70,0.62,26,32,1,8.5,13,0,0.14,0.28,66,17,2.4,2,1518,2.7,0,0.09,9.99,0.36,1.62,24.21,50.85,0.9,0,0,0,0,0,0,0,0,0,0,11.7,24.57,51.75,116.61,31.48
32,Corn Gluten Meal,48.22,P356,5-02-900,90.04,58.25,0.7,4.74,0.63,1.46,4865,4133,3737,2464,0,0,0,0,0, ,17.93,1.57,7.08, , , , , ,58.25,1.66,1.32,2.23,9.82,0.93,1.21,3.52,1.81,0.27,2.42,4.33,2.97,1.01,11.2,1.28,4.93,2.29,2.86,72,88,86,91,96,77,92,93,84,61,89,92,86,86,93,78,78,91,93,75,91,87,93,96,81,93,94,87,77,91,93,89,88,94,89,86,93,94,0.03,0.06,0.18,0.09,0.02,0.49,1, ,11.04,282, ,3.98,1,25.97, ,38,47, ,6.7,6.9,0,0.15,0.13,55,3.5,2.2,0.3,330,2.5,0,0.08,8.88,0.32,1.44,21.52,45.2,0.8,0,0,0,0,0,0,0,0,0,0,10.4,21.84,46,103.65,25.91
33,"Corn Grits, Hominy Feed",N/A,N/A,4-03-011,87.47,9.12,3.19,7.4, ,2.34,4145,3355,3293,2574,0,0,0,0,0, ,47.58,14.3,4.51, , ,10.11, , ,9.12,0.56,0.28,0.36,0.98,0.38,0.18,0.43,0.4,0.1,0.52, , ,0.18, , , , ,0.4,,,,,,,,,,,,,,,,,,,, ,87,80,81,86,71,87,86,73,68,80, ,,74,,, ,,88,0.29,0.07,0.61,0.24,0.08,0.73,0.03, ,13,67,,15,0.1,30,0.49,26,34,9,6.5,11,0,0.13,0.21,47,8.2,2.1,8.1,1155,1.2,0.08,0.08,11.25,0.33,1.5,24.67,41.83,1.25, ,0,0, , , , ,, , ,12.92,25,43.08,101.63,12.2
34,"Cottonseed, Full Fat",24.4,P341,5-01-609,92.56,23.77, ,16.51, ,4,5248,3207,3045,1970,,,,,,,2.3,51.04,38.59, ,10.75,, , ,23.77,2.41,0.61,0.7,1.18,0.87,0.33,1.17,0.67,0.25,0.98,0.78,1.87,0.33,4.24,0.8,0.79,0.9,0.56,73,87,72,67,70,59,70,79,64,68,69,66,74,73,83,67,58,72,73,77,88,74,70,73,63,73,81,68,71,73,70,76,76,84,77,84,75,76,0.15,,,, ,0.65,,,,,,,,,,31,36,,,,,,,,,,,,,0,0.94,23.24,0.71,2.35,18.22,49.23,0.19, ,0,0, , , , , , , ,26.53,18.93,49.42,106.69,176.15
35,Cottonseed Meal,24.12,P341,5-01-632,90.69,39.22,13.96,5.5, ,6.39,4383,2912,2645,1624,0,0,0,0,0, ,1.95,25.15,17.92,,,,, ,39.22,4.04,1.11,1.21,2.18,1.5,0.51,1.98,1.36,0.53,1.86,1.51,3.28,0.82,6.93,1.58,1.5,1.8,0.98,73,87,72,67,70,59,70,79,64,68,69,66,74,73,83,67,58,72,73,77,88,74,70,73,63,73,81,68,71,73,70,76,76,84,77,84,75,76,0.25,0.05,1.4,0.5,0.04,0.98,0.31, ,18,184, ,20,0.8,70,,31,36,0.2,14,5.1,0,0.3,1.65,40,12,5.9,7,2933,4.77,0,0.88,21.99,0.67,2.22,17.25,46.6,0.19, ,0,0, , , , ,, , ,25.09,17.92,46.79,101.04,48.19
36,"Egg, Whole, Spray Dried",9.74,P331,N/A,95.16,50.97, ,34.26,35.4,5.75,6283,,,,,,,,,,,,,,,,,,50.97,3.01,1.2,2.81,4.41,3.54,1.62,2.68,2.13,0.94,3.34,2.63,4.65,1.19,5.92,1.54,1.57,2.72,1.95,,,,,,,,,,,,,,,,,,,,,,,,,,,,,,,,,,,,,,,0.29, , , , ,0.69, , ,1.8,61, ,0, ,43.7, ,50,55,,,,,,,,,,,,,,,,,,,,,,,,,,,,,,,,,,,
37,Feather Meal,9.15,P327,5-03-795,94.24,80.9,0.32,5.97, ,5.08,5467,3400,2850,1740,,,,,,,0,,0,,,,,,80.9,5.63,0.82,3.63,6.59,2,0.59,3.95,3.72,0.6,5.75,3.9,4.95,4.32,8.4,7.08,10.16,8.18,2.12,75,81,54,75,77,54,65,78,69,60,75,70,47,71,75,78,86,76,73,68,81,56,76,77,56,73,79,71,63,75,71,48,73,76,80,87,77,79,0.41,0.26,0.19,0.2,0.34,0.28,1.39, ,10,76, ,10,0.69,111,,74,89, ,7.3,3,78,0.13,0.2,21,10,2.1,0.1,891,6.8,0,1,17.4,3.1,6.9,19.95,1.65,0,0,0,0,0,0,0,0,0,0,0,25.3,23.05,1.65,24,16.32
38,"Fish Meal, Combined",51.14,P358,5-01-977,93.7,63.28,0.24,9.71,8.73,16.07,4496,3958,3528,2351,,,,,,,0,,0,,,,,,63.28,3.84,1.44,2.56,4.47,4.56,1.73,2.47,2.58,0.63,3.06,3.93,5.41,0.61,7.88,4.71,2.89,2.43,1.88,82,85,82,82,82,85,86,80,78,73,81,79,71,62,79,71,65,72,73,85,86,84,83,83,86,87,82,81,76,83,80,73,64,80,75,86,75,74,4.28, ,0.62,0.13, ,2.93, , ,8,411, ,38.9, ,88.98, ,79,82,,,,,,,,,,,,,,,,,,,,,,,,,,,,,,,,,,,
39,Flaxseed,N/A,N/A,N/A,92.13,22.53,6,33.77, ,3.33,6117,,,,,,,,,,,39.65,24.85,,,, , ,22.53,2.2,0.51,0.95,1.35,0.91,0.43,1.08,0.85, ,1.16,1.05,2.18,0.41,4.46,1.38,0.84,1.06, ,,,,,,,,,,,,,,,,,,,, ,,,77,,84,85, ,82,86,77,77,77,,77,77,77,77,,0.38,,,,,0.61,,,,,,,,,,21,28,,,,,,,,,,,,42.16,0,0.02,5.14,0.06,3.15,17.45,14,54.11, ,0.12,0.16,0,0,0.12,0.03,0,0,0.07,8.63,17.7,68.11,189.2,797.66
40,Flaxseed Meal,71.11,P385,5-30-288,90.18,33.28,9.18,6.45, ,5.23,4887,3060,2834,1830, ,4.67, , , , ,5.17,24.93,15.87, ,5.89,,,,33.28,3,0.67,1.33,1.91,1.19,0.77,1.49,1.13,0.51,1.55,1.45,2.8,0.59,6.15,1.84,1.45,1.39,0.72,61,80,69,74,73,65,74,75,59,57,68,72,73,60,73,71,64,71,65,78,82,74,79,78,77,82,79,74,78,75,75,75,77,75,77,75,76,78,0.37,0.06,1.26,0.5,0.13,0.87,0.39, ,16.2,111, ,45.9,0.63,57.9, ,21,28,0.2,2,6,0,0.41,1.3,33,14.7,2.9,7.5,1512,3,0,0.08,4.8,0.08,2.55,14.03,11.03,40.65,0,0,0,0,0,0,0,0,0,0,7.43,14.1,51.68,143.79,43.14
41,Gelatin,60.29,P376,5-14-503,87.54,100, ,0, , ,5645,4900,4219,2519,,,,,,,0,,0,,,,,,100.1,7.91,0.76,1.25,2.79,3.87,0.97,1.89,2.17,0.09,2.27,8.99,4.73,0.11,8.73,25.39,15.25,2.95,0.65,82,85,88,93,85,90,91,91,78,93,86,87,63, ,80,82,79,79,62,85,95,91,96,88,92,92,93,81,98,90,88,66, ,82,83,83,86,76,,,,,,,,,,,,,,,,,,,,,,,,,,,,,,,,,,,,,,,,,,,,,,,,,,,,
42,"Kidney Beans, Extruded",N/A,N/A,N/A,91.45,20.03,4.42,1.1, ,2.65,,,,,,,,,,,,,,,,,,,20.03,1.28,0.19,0.94,1.9,1.51,0.25,1.35,0.94, ,1.13,1,2.08,0.21,2,1.16,0.77,1.35,0.81,64,84,58,66,65,82, ,70,67, ,58,68,86, ,83,47,45,68,61,76,94,66,72,71,85, ,74,76, ,65,82,89,,87,101,,77,67,,,,,,,,,,,,,,,,,,,,,,,,,,,,,,,,,,,,,,,,,,,,,,,,,,,,
43,"Kidney Beans, Raw",N/A,N/A,N/A,86.6,20,6.4,1.35, ,3.5,,,,,,,,,,,,,,,,,,,20,1.27,0.2,0.96,1.9,1.53,0.28,1.31,0.93, ,1.15,1.02,2.04,0.24,1.94,1.12,0.76,1.36,0.8,,,,,,,,,,,,,,,,,,,,,,,,,,,,,,,,,,,,,,,,,,,,,,,,,,,,,,,,,,,,,,,,,,,0.83,0,0,12.77,0,1.69,7.71,21.45,33.61,0,0,0,0,0,0,0,0,0,0,14.46,7.71,55.06,137.66,11.43
44,Lentils,N/A,N/A,5-02-506,90,26, ,1.3, ,2.79,4483,3540,3363,2437,,,,,,,41.75,17.37,2.97,,,,,,26,2.05,0.78,1,1.84,1.71,0.18,1.29,0.84,0.21,1.27,1.24,2.82,0.27,4.03,1.11,1.05,1.13,0.7,73,84,76,73,73,77,66,72,66,62,70,69,76,57,79,67,73,72,73, ,86,79,77,76,79,71,75,73,68,75,73,79,66,82,75,84,78,77,0.1,0.03,0.89,0.12,0.02,0.38,0.2, ,10,85, ,13,0.1,25,,,,1,0,5.5,0,0.13,0.7,22,14.9,2.4,3.9,,,,,,,,,,,,,,,,,,,,,,,,,
45,Lupins,N/A,N/A,5-27-717,91.13,32.44,14.25,6.08, ,3.67,4366,3397,3176,2043,,,,,,,7.44,24.11,19.9,3.7,1.52, ,30,1.61,32.44,3.61,0.92,1.39,2.31,1.58,0.21,1.34,1.2,0.26,1.32,1.14,3.26,0.46,7,1.38,1.37,1.61,1.16,80,92,83,83,82,82,75,82,76,78,77,72,81,78,86,70,67,80,79,86,93,86,85,85,85,81,84,82,82,81,78,85,83,88,80,93,84,82,0.37,0.03,1.1,0.19,0.02,0.31,0.24, ,6,54, ,1390,0.07,32,0.21,50,57,,7.5,,,0.05,,,,,,,9.74,0.08,0.13,7.62,0.35,3.24,36.53,20.48,4.58,0,0,2.62, , , ,0.95, , , ,11.08,40.45,25.06,85.62,83.39
46,"Meat and Bone Meal, Phosphorus greater than four percent",9.41,P328,5-00-388,95.16,50.05, ,9.21, ,31.95,3806,3303,2963,1961,,,,,,,0,32.5,5.05,,,,,,50.05,3.53,0.91,1.47,3.06,2.59,0.69,1.65,1.63,0.3,2.19,3.87,3.74,0.46,6.09,7.06,4.38,1.89,1.08,68,80,68,69,72,70,81,76,64,52,72,76,61,46,71,74,70,66,59,72,83,71,73,76,73,84,79,69,62,76,79,65,56,75,78,81,71,68,10.94,0.69,0.65,0.41,0.63,5.26,0.38, ,11,606, ,17,0.31,96, ,68,70,,1.6,4.6,90,0.08,0.41,49,4.1,4.7,0.4,1996,10.6,0.14,1.89,19.25,2.59,13.44,28.49,2.52,0.63,0,1.05,0,0,0,0,0,0,0,0,35.77,31.08,3.15,34.47,36.53
47,Meat Meal,9.4,P328,5-00-385,96.12,56.4, ,11.09, ,21.59,4497,3452,3068,2010,,,,,,,0,31.6,8.3,,,,,,56.4,3.65,1.24,1.82,3.7,3.2,0.83,1.98,1.89,0.4,2.61,3.82,4.28,0.56,7.03,5.98,3.92,1.99,1.35,73,83,73,75,75,76,80,77,71,67,74,78,68,59,75,77,77,73,77,76,84,75,78,77,78,82,79,74,76,76,80,71,62,77,79,86,76,78,6.37,0.97,0.57,0.35,0.8,3.16,0.45, ,10,440, ,10,0.37,94, ,82,86,,1.2,2.4,80,0.08,0.5,57,5,4.7,0.6,2077,,,,,,,,,,,,,,,,,,,,,,,,
48,Casein,54.16,P361,5-01-162,91.72,88.95,0,0.17,,,5670,4135,3530,2088,,,,,,,0,,0,,,,,,88.95,3.13,2.57,4.49,8.24,6.87,2.52,4.49,3.77,1.33,5.81,2.58,5.93,0.45,18.06,1.6,9.82,4.55,4.87,87,88,93,91,94,95,96,93,86,92,92,83,88,67,93,63,80,86,94,94,95,97,95,97,97,98,96,93,96,96,92,94,85,96,87,99,92,97,0.2,0.04,0.01,0.01,0.01,0.68,0.6, ,4,14, ,4,0.16,30, ,87,98,,,0.4,,0.04,0.51,1,2.7,1.5,0.4,205,,,,,,,,,,,,,,,,,,,,,,,,
49,Lactose,N/A,N/A,N/A,95,0,,0,,,4143,3525,3525,2923,95,,,,,,,,0,,,,,,,,,,,,,,,,,,,,,,,,,,,,,,,,,,,,,,,,,,,,,,,,,,,,,,,,,,,,,,,,,,,,,,,0,5.8,,0,,0.2,,,,,,,,,,,,,,,,,,,,,,,,,,,,,,,,,,,,,,
50,Skim Milk Powder,54.3,P360,5-01-175,94.6,36.77, ,0.9,,,4437,3980,3730,2695,47.82,,,,,,,,0,,,,,,36.77,1.17,0.94,1.45,3.02,2.42,0.82,1.51,1.44,0.44,1.85,1.19,2.67,0.33,7.05,0.76,3.17,1.81,1.48,86,90,91,89,92,92,91,93,88,90,89,85,88,81,89,76,91,82,91,90,95,93,91,94,94,92,95,92,88,92,90,91,86,90,99,100,85,93,1.27,1,1.6,0.12,0.48,1.06,0.32, ,0.1,0, ,0,0.12,43.1, ,91,98,,4.1,4.1,36,0.25,0.47,12,36.4,19.1,3.7,1393,0.77,1.82,10.78,30.52,2.86,11.04,21.69,2.47,1.43, ,0,0, , , , ,, , ,56.49,24.55,3.9,30.71,2.36
51,"Whey Permeate, eighty percent Lactose",N/A,N/A,N/A,96,3.5,,0.2,,,3426,3177,3153,2579,80,,,,,,,,0,,,,,,,,,,,,,,,,,,,,,,,,,,,,,,,,,,,,,,,,,,,,,,,,,,,,,,,,,,,,,,,,,,,,,,,,,,,,,,,,,,,,,,,,,,,,,,,,,,,,,,,,,,,,,,,,,,
52,"Whey Permeate, eighty five percent Lactose",N/A,N/A,N/A,98,3,,0.2,,,3657,3626,3606,2922,85,,,,,,,,0,,,,,,,,,,,,,,,,,,,,,,,,,,,,,,,,,,,,,,,,,,,,,,,,,,,,,,,,,,,,,,,0.27,,,,,0.34,,,,,,,,,,82,92,,,,,,,,,,,,,,,,,,,,,,,,,,,,,,,,,,,
53,Whey Powder,54.7,P360,4-01-182,97.15,11.55,0.08,0.83, ,8,3647,3494,3415,2704,72.88,,,,,,,,0,,,,,,11.55,0.26,0.21,0.64,1.11,0.88,0.17,0.35,0.71,0.2,0.61,0.54,1.16,0.26,1.95,0.2,0.66,0.54,0.27,87,83,90,94,94,94,95,78,85,78,91,81,83,86,85,55,74,78,86,102,98,96,96,98,97,98,90,89,97,96,90,91,93,90,99,100,85,97,0.62,1.4,1.96,0.13,0.94,0.69,0.72, ,6.6,57, ,3,0.12,9.9, ,82,92,,0.3,4,23,0.27,0.85,10,47,27.1,4.1,1820,1.07,1.12,9.72,30.47,3.08,9.07,23.46,2.34,0.84, ,0,0, , , , ,, , ,52.06,26.54,3.18,30.68,3.28
54,Whey Protein Concentrate,54.25,P361,5-06-836,94.4,76.32,1.33,0.2, ,2.63,5245,4949,4430,2797,5,,,,,,,,0,,,,,,76.32,2.01,1.46,4.74,8.43,6.85,1.65,2.7,4.82,1.59,4.54,3.77,7.8,1.79,12.29,1.45,4.29,3.28,2.34,84,88,86,89,90,92,91,82,83,88,90,86,89,84,88,72,81,85,81,86,93,92,95,95,93,96,87,85,95,95,90,91,85,89,87,93,88,86,0.63, ,,,,0.38, ,,,,,,,,,82,92,,,,,,,,,,,,,,,,,,,,,,,,,,,,,,,,,,,
55,Millet,N/A,N/A,4-03-120,88.5,11.9, ,4.25,,,4472,3020,2939,2218,,,,,,,54.95,15.8,13.8, , ,4.78,,,11.9,0.57,0.29,0.49,1.22,0.37,0.28,0.55,0.45,0.17,0.66,1.07,1.09,0.32,2.84,0.42,0.8,0.64,0.58,79,82,85,83,87,74,72,85,75,84,81,85,79,82,89,55,81,81,81,88,89,90,89,91,83,75,91,86,97,87,91,86,88,92,84,95,90,86,0.03,0.03,0.43,0.16,0.04,0.31,0.14, ,26,71, ,30,0.7,18,,,,,,5.8,0,0.16,0.23,23,11,3.8,7.3,440,4.22,0.07,0,12.51,0.33,3.65,17.51,47.75,2.8, ,0,0.47, , , , ,, , ,16.23,18.32,50.55,110.52,46.64
56,"Molasses, Sugar Beets",63.1,P380,4-30-289,72.2,10,,0.16,,,3045,2366,2298,1795,,47.5,,,,, ,,0.08,,,,,,10,0.06,0.04,0.24,0.24,0.1,0.03,0.06,0.08,0.05,0.15,0.23,0.62,0.05,4.75,0.2,0.1,0.21,0.24,86, , ,79,74,37,68,46,32,44,59,79,84,44,92,58, ,66,81, ,92,90,88,89,86,90,90,86,86,87,95,95,84,95,95,95,95,91,0.25,,,,,0.16,,,,,,,,,,50,63,,,,,,,,,,,,,,,,,,,,,,,,,,,,,,,,,,,
57,"Molasses, Sugar Cane",63.7,P380,4-13-251,74.1,4.8,,0.15,,,4223,2366,2333,1842,,47.5,,,,,,,0.15,,,,,,4.8,0.02,0.01,0.04,0.06,0.02,0.02,0.03,0.05,0.01,0.11,0.2,0.89,0.04,0.41,0.07,0.05,0.07,0.03,77, , ,29,25, ,52, , , ,51,72,88,40,69, , , , , ,92,90,88,89,86,90,90,86,86,87,95,95,84,95,95,95,95,91,0.82, , , , ,0.08, ,,,,,,,,0.01,50,63,,,,,,,,,,,,0.1,0,0,18,0,2,32,50,0, ,0,0, , , , ,, , ,20,32,50,119.25,1.19
58,Oat Groats,69.1,P383,N/A,87.1,13.9,,5.9,,2.4,4576,3690,3595,2720,,,,,,,46.8,9.7,6.5,,,,,,13.9,0.85,0.24,0.55,0.98,0.48,0.2,0.66,0.44,0.18,0.72,0.6,1.04,0.22,2.59,0.64,0.69,0.62,0.51, ,86,83,83,83,79,85,86,76,80,82, , ,80, , , , ,82, ,86,83,83,83,79,86,86,80,82,82, ,,85,,,,,84,0.08,0.09,0.38,0.11,0.05,0.41,0.2, ,6,49, ,32, , ,,,,,,1.1,0,0.2,0.5,14,13.4,1.5,6.5,1139,,,,,,,,,,,,,,,,,,,,,,,,
59,Oats ,N/A,N/A,4-03-309,89.88,11.16, ,5.42,4.2,2.64,4272,2627,2551,1893,,,,,,,39.06,25.3,13.73, , ,33.9,,,11.16,0.73,0.24,0.41,0.79,0.49,0.68,0.52,0.42,0.14,0.63,0.46,0.81,0.36,2.14,0.48,0.54,0.47,0.41,62,85,81,73,75,70,79,81,59,59,72,67,67,69,78,61,68,69,76, ,90,85,81,83,76,83,84,71,75,80,76,76,75,84,77,86,81,82,0.03,0.1,0.42,0.16,0.08,0.35,0.21, ,6,85, ,43,0.3,38,0.19,33,39,3.7,7.8,2,0,0.24,0.3,19,13,1.7,6,946,6.9,0.35,0.22,14.99,0.19,0.94,31.38,35.13,1.61, ,0,0, , , , ,, , ,16.49,31.57,36.74,96.36,66.49
60,"Oats, Naked",N/A,N/A,4-25-101,91.8,14.7,2.2,10.65,7.2,1.73,4422,4126,4026,3164, , , , , , ,56.35,11.07,3.7, , , , , ,14.7,0.89,0.27,0.54,0.96,0.56,0.22,0.65,0.48,0.15,0.7,0.65,1.09,0.41,3.02,0.63,0.65,0.7,0.32,73,89,84,83,85,86,83,87,78,75,85,75,75,76,90,68,77,77,82,81,95,93,89,91,90,89,92,85,83,90,82,82,81,90,83,92,88,91,0.08,0.11,0.36,0.12,0.02,0.38,0.14, ,4,58, ,37,0.09,34,,,, ,2,9.6,0,0.12,0.5,20,7.1,1.3,5.2,1240,,,,,,,,,,,,,,,,,,,,,,,,
61,"Oats, Rolled, Dehulled",N/A,N/A,N/A,91.1,1,,8.29,,,,,,,,,,,,,51.02,,,,,9.11,,,12.94,,,,,,,,,,,,,,,,,,,,,,,,,,,,,,,,,,,,,,,,,,,,,,,,,,,,,,,,,,,,,,,,,,,,,,,,,,,,,,,,,,,,,,,,,,,,,,,,,,,,,,,,,,,,
62,Palm Kernel Expelled,N/A,N/A,N/A,92,16.64,16.71,11.24, ,3.82,3981,3176,3063,1941,0,0,0,0,0, ,2.58,56.48,37.31,,,,,,16.64,,,,,,,,,,,,,,,,,,,,,,,,,,,,,,,,,,,,,,,,,,,,,,,,,,,,,,,,,0.31, , , , ,0.52,,,,,,,,,0.37,39,49,,,,,,,,,,,,8.5,42.21,14.13,7.65,0,2.34,13.41,1.98,0.36,0,0,0,0,0,0,0,0,0,0,73.35,13.41,2.34,16.62,14.12
63,Palm Kernel Meal,N/A,N/A,N/A,,14.39,,,,,3640,2970,2868,1641,,,,,,,,,35,,,,,,14.39,1.41,0.26,0.55,0.9,0.36,0.19,0.56,0.47,0.11,0.83,0.6,1.22,0.18,2.69,0.65,0.39,0.85,0.34,51,80,58,57,67,35,63,69,56,48,63,57,59,33,63,53,45,55,49,63,84,65,63,73,48,70,75,68,58,70,68,65,46,67,65,65,65,57,0.2, , , , ,0.54,,,,,,,,,0.31,49,58,,,,,,,,,,,,,,,,,,,,,,,,,,,,,,,,,,,
64,"Peanut Meal, Expelled",71.9,P385,5-03-649,92,44.23, ,6.5, , ,4906,3895,3594,2381,,,,,,,6.65,14.6,9.1,,,,,,44.23,5.2,1.04,1.46,2.65,1.55,0.5,2.12,1.16,0.33,1.75, ,,0.6,,,,,1.74,79,93,79,78,79,73,80,86,70,73,75, , ,78, , , , ,88,87,93,81,81,81,76,83,88,74,76,78, ,,81,,,,,92,0.17,0.03,1.2,0.33,0.06,0.63,0.29, ,15,285, ,39,0.28,47,,,,,2.7,7.4,0,0.35,0.7,166,47,5.2,7.1,1848,0,0,0,8.73,0,1.82,39.82,26,0, ,0,1.09,,, ,,,,,10.55,40.91,26,83.73,54.42
65,"Peanut Meal, Extracted",71.9,P385,5-03-650,91.8,45.03, ,1.2, , ,4622,3415,3109,1924,,,,,,,6.7,16.2,12.46,,,,,,45.03,5.27,0.98,1.42,2.61,1.44,0.5,1.97,1.26,0.4,1.58,1.87,4.49,0.54,7.51,2.73,1.52,2.13,1.42,79,93,79,78,79,73,80,86,70,73,75,81,86,78,88,73,87,83,88,87,93,81,81,81,76,83,88,74,76,78,84,87,81,89,76,92,86,92,0.39,0.04,1.25,0.31,0.07,0.58,0.3, ,15,260, ,40,0.21,41,,,,,2.7,7.4,0,0.35,0.7,166,47,5.2,7.1,1848,,,,,,,,,,,,,,,,,,,,,,,,
66,Pea Protein Concentrate,N/A,N/A,N/A,94.31,82.82, ,8.04, ,6.22,5562,4620,4057,2610,,,,,,,,,0,,,,,,82.82,6.46,1.96,3.73,6.57,5.78,0.8,4.48,3.01,0.83,4.06,3.39,9.36,0.8,12.94,3.21,3.27,4.06, ,73,87,78,76,77,82,72,77,68,63,72,70,78,61,83,64,59,73, ,80,90,82,81,81,85,77,80,76,69,78,77,82,68,86,79,97,79, ,,,,,,,,,,,,,,,,,,,,,,,,,,,,,,,,,,,,,,,,,,,,,,,,,,,,
67,Chickpeas,N/A,N/A,N/A,89.74,20.33, ,4.14, ,2.86,4554,3504,3366,2491,,,,,,,44.8,15.82,6.75,7.84,0.57,,,,20.33,2.25,0.84,0.91,1.61,1.41,0.3,1.23,0.91, ,1.02,0.59,2.5,0.44,3.12,0.99, ,1.06,0.82,73,87,78,76,77,82,72,77,68, ,72,70,78,61,83,64, ,73,74,80,90,82,81,81,85,77,80,76, ,78,77,82,68,86,79, ,79,78,,,,,,,,,,,,,,,,,,,,,,,,,,,,,6.04,0,0.15,8.29,0.2,1.41,22.28,42.93,1.67, ,0,0, ,, ,,,,,9.85,22.48,44.6,102.49,61.91
68,Cow Peas,N/A,N/A,N/A,88.1,22.19, ,1.2, , ,4417,3504,3353,2420,,,,,,,43.46, ,6.75,,,,,,22.19,,,,,,,,,,,,,,,,,,,73,,,,,,,,,,,,,,,,,,,80,,,,,,,,,,,,,,,,,,,,,,,,,,,,,,,,,,,,,,,,,,,,,,,1.26,0.08,0.24,20.16,0.32,4.21,6.98,27.22,15.79, ,0,0.08,,,, ,,,,24.68,7.38,43.02,99.83,12.58
69,Field Peas,N/A,N/A,N/A,88.1,22.17,6.16,1.2, ,2.86,4035,3504,3353,2419,,0.19,0.04,0.23,0.32, ,43.46,12.84,6.9,2.79,0.45, , , ,22.17,1.91,0.53,0.94,1.56,1.63,0.21,1.02,0.83,0.21,1.03,0.95,2.56,0.31,3.87,0.95,0.94,1.05,0.59,73,87,78,76,77,82,72,77,68,63,72,70,78,61,83,64,59,73,74,80,90,82,81,81,85,77,80,76,69,78,77,82,68,86,79,97,79,78,0.09, , , , ,0.42, ,,,,,,,,0.17,49,56,,,,,,,,,,,,,,,,,,,,,,,,,,,,,,,,,,,
70,Field Pea Splits,N/A,N/A,N/A,88.1,22.19, ,1.2,,,4417,3504,,2419,,,,,,,43.46,,6.9,,,,,,22.19,,,,,,,,,,,,,,,,,,,73,,,,,,,,,,,,,,,,,,,80,,,,,,,,,,,,,,,,,,,0.1, , , , ,0.43, ,,,,,,,,,49,56,,,,,,,,,,,,,,,,,,,,,,,,,,,,,,,,,,,
71,Pet Food Byproducts,T60.108,P379,N/A,92.8,20.94,1.7,8.29, ,5.65,4601,,,,,,,,,,,,,,,,,,20.94,1.6,0.53,0.9,1.59,1.25,0.45,0.97,, ,1.05,1.28,1.89,0.09,3.66,1.6,1.2,0.89,,,,,,,,,,,,,,,,,,,,,,,,,,,,,,,,,,,,,,,,0.82,0.32,0.74,0.15,0.22,0.84, , ,4.4,152, ,85.8, ,293,,,,,,,,,,,,,,,,,,,,,,,,,,,,,,,,,,,,,,
72,"Porcine Solubles, Dried",9.12,P327,5-00-393,,51.01,,,,,,,,,,,,,,,,,,,,,,,51.01,2.72,1.06,2.06,3.94,3.81,0.96,2.23,2.1,0.25,2.6,2.95,,0.78,,3.65,2.83,1.86,1.86,,,,,,,,,,,,,,,,,,,,,,,,,,,,,,,,,,,,,,,,,,,,,,,,,,,,,,,,,,,,,,,,,,,,,,,,,,,,,,,,,,,,,,,,,,
73,Potato Protein Concentrate,60.94,P378,5-25-392,93.39,79.8,1.43,2.78, ,1.28,5439,4140,3597,,,,,,,,,,,,,,,,79.8,4.14,1.76,4.18,8.14,6.18,1.74,5.1,4.61,1.1,5.36,4.02,9.99,1.13,8.65,4.08,4.06,4.35,3.93,85,91,87,87,89,88,90,82,84,78,88,86,84,65,86,85,88,86,78,87,92,88,87,89,88,91,82,85,79,88,87,85,67,87,89,100,87,85,,,,,,,,,38.5,128, ,0.1, ,14.3,,,,,,,,,,,,,,,0.9,0,0.32,13.76,0.4,3.12,1.28,23.36,16.56,0,0.8,0,0,0,0.48,0,0,0,0,18.48,1.68,39.92,89.11,8.02
74,Poultry Byproduct,9.14,P327,5-03-800,92.08,64.03,0.35,12.02,18.3,13.32,5300,3090,2655,1774,,,,,,,0,,0,,,,,,64.03,4.35,1.28,2.38,4.42,3.69,1.25,2.23,2.35,0.46,2.91,3.75,4.11,0.63,6.41,6.17,3.91,2.27,1.93,75,87,80,79,80,84,74,82,74,74,78,78,59,70,75,75,75,72,51,78,89,82,81,82,85,77,84,77,78,80,81,63,72,78,79,81,76,69,4.54,0.49,0.53,0.18,0.49,2.51,0.52, ,10,442, ,9,0.88,94,,48,53,,,4.4,,0.09,0.5,47,11.1,10.5,0.2,6029,,,,,,,,,,,,,,,,,,,,,,,,
75,Poultry Meal,9.71,P331,5-03-798,96.2,64.72, , ,14.4,12.06,,,,,,,,,,,,,,,,2.6,,,64.72,4.46,1.69,2.5,4.63,3.99,1.15,2.64,2.55,0.62,3.07,4.18,5.71,0.87,8.8,5.79,4.23,3.67,1.84,,,,,,,,,,,,,,,,,,,,,,,,,,,,,,,,,,,,,,,2.82, , , , ,1.94, , ,35.7,230, ,5.2, ,99.4,,,,,,,,,,,,,,,,,,,,,,,,,,,,,,,,,,,,,,
76,Rice,N/A,N/A,4-03-932,87.78,7.87,0.52,1.3,1.71,0.81,3723,3681,3627,2881,0,0.19,0,0,0, ,75.19,1.28,0.64,,,,,,7.87,0.44,0.33,0.32,0.56,0.35,0.25,0.44,0.23,0.11,0.42,0.34,0.59,0.18,1.12,0.31,0.15,0.28,0.18,80,88,80,73,77,80,85,75,72,63,73,72,77,63,82,73,73,74,67,94,93,85,81,83,89,87,80,85,77,86,74,88,77,89,77,86,92,84,0.09, , , , ,0.34,,,,,,,,,0.18,29,33,,,,,,,,,,,,2.78,0.11,0.36,17.09,0.36,1.8,35.9,34.32,1.51, ,0,0, ,,,, ,,,19.35,36.26,35.83,98.86,27.48
77,Rice Bran,75.7,P388,4-03-928,91.6,15.11, ,13.77, ,14.8,4772,3100,2997,2281,,,,,,,27,26.28,11.87,,,,,,15.11,1.24,0.42,0.51,1.04,0.67,0.3,0.65,0.56,0.19,0.78,0.89,1.23,0.27,1.95,0.81,0.69,0.69,0.4,57,85,78,64,65,72,74,68,61,64,66,61,58,66,66,48,51,60,77, ,89,87,69,70,78,77,73,71,73,69,66,64,68,71,59,67,69,81,0.22,0.07,1.56,0.9,0.03,2.16,0.18, ,9,190, ,228,0.4,30,1.74,13,23, ,9.7,26,0,0.35,2.2,293,23,2.5,22.5,1135,20.85,0.09,0.37,17.06,0.36,1.79,35.85,34.26,1.52, ,0,0, ,, ,,,,,19.31,36.21,35.77,98.72,205.83
78,"Rice Bran, Defatted",75.3,P338,4-03-930,91.35,17.3, ,3.52, ,11.51,4056,2199,2081,1553,,,,,,,26.25,23.56,1.31,,,,,,17.3,1.57,0.55,0.62,1.25,0.8,0.36,0.78,0.68,0.25,0.94,1.11,1.59,0.36,2.55,0.99,0.81,0.84,0.31,,,,,,,,,,,,,,,,,,,, ,83,75,75,75,70,78,74,69,76,73, ,,63,,,,,86,0.1,,,,,1.89,,,,,,,,,,,28,,,,,,,,,,,,,,,,,,,,,,,,,,,,,,,,,,,
79,"Rice, Broken",75.4,P388,4-03-932,89,7.9,,1.3,,,4290,3565,3511,2778,,,,,,,75.19,12.2,6.4,,,,,,7.9,0.52,0.18,0.34,0.67,0.3,0.18,0.39,0.26,0.1,0.49, ,,0.11,,,,,0.38,,,,,,,,,,,,,,,,,,,, ,89,84,81,83,77,85,84,76,77,78, ,,73,,,, ,86,0.04,0.07,0.13,0.11,0.04,0.21,0.06, ,21,18, ,12,0.27,17,0.14,31,38, ,2,28,0,0.08,0.2,25,3.3,0.4,1.4,1003,1.2,0.09,0.63,16.29,0.27,1.71,36.18,32.31,1.35,0,0.18,0,0,0,0,0,0,,0,18.9,36.45,33.66,94.95,11.39
80,"Rice, Polished",N/A,N/A,4-03-932,87.9,8, ,1.41,,,4298,3565,3511,2847,,,,,,,83.59,12.2,3.1,,,1.32,,,8,0.52,0.18,0.34,0.67,0.3,0.18,0.39,0.26,0.1,0.49, ,,0.11,,, ,,0.38,,,,,,,,,,,,,,,,,,,,,,,,,,,,,,,,,,,,,,,0.04,0.07,0.13,0.11,0.04,0.18,0.06, ,21,18,,12,0.27,17,,,,,2,28,0,0.08,0.2,25,3.3,0.4,1.4,1003,1.42,0,0.56,24.3,0.35,1.83,30.7,22.04,4.72, ,0,0, , , , ,, , ,26.69,31.06,26.76,80.74,11.46
81,Rice Protein Concentrate,N/A,N/A,N/A,92.68,67.51,,0,,3.41,4954,4724,4265,2692,,,,,,,0,,0,,,,,,67.51,5.26,1.65,2.91,5.31,2.21,1.77,3.52,2.12,0.81,4.13,3.47,5.39,1.45,10.87,2.77,2.94,2.36,3.32,,,,,,,,,,,,,,,,,,,,,,,,,,,,,,,,,,,,,,,0.1, , , , ,0.75,,,,,,,,,,,,,,,,,,,,,,,,,,,,,,,,,,,,,,,,,,,,,,
82,Rye,N/A,N/A,4-04-047 ,89.4,11.66,2.71,1.98, ,1.78,4350,3270,3191,2460,0,0,0,0,0, ,59.34,12.26,4.6, ,0.77, , , ,11.66,0.7,0.25,0.34,0.7,0.43,0.16,0.5,0.37,0.1,0.49,0.44,0.77,0.19,2.63,0.48,1.57,0.44,0.25,69,73,71,68,71,64,76,76,59,67,67,60,68,74,89,60,86,73,65,83,79,79,78,79,74,81,82,74,76,77,70,79,83,93,79,98,84,76,0.08,0.03,0.48,0.12,0.02,0.3,0.15, ,7,60, ,58,0.38,31,0.2,43,50, ,9,2.6,0,0.08,0.6,19,8,1.6,3.6,419,2.5,0,0.12,10.84,0.4,0.36,11.2,38.32,6.28, ,0,0.52, , , , ,, , ,11.32,12.12,44.6,97.42,24.35
83,Safflower Meal,71.131,P386,5-04-110,92,23.4,,2.24,,,4589,2840,2681,1497,,,,,,,0.9,55.9,36.56,,,,,,23.4,2.04,0.59,0.67,1.52,0.74,0.34,1.07,0.65,0.33,1.18, ,,0.38,,,,,0.77,,,,,,,,,,,,,,,,,,,, ,84,84,87,87,82,84,90,79,84,88, ,,84,,,,,,0.34,0.08,0.76,0.35,0.05,0.75,0.13, ,10,495,,18,,41,,,,,16,12,0,1.03,0.5,11,33.9,3.3,4.6,820,2.39,0,0.08,6.03,0.08,2.18,11.3,65.94,0.25, ,0,0, , , , ,, , ,8.28,11.38,66.19,130.27,31.13
84,"Safflower Meal, Dehulled",N/A,N/A,5-07-959,92,42.5, ,1.3,,,4823,3055,2766,1623,,,,,,,1.4,25.9,18,,,,,,42.5,3.59,1.07,1.69,2.57,1.17,0.66,2,1.28,0.54,2.33, ,,0.69,,,,,1.08,,,,,,,,,,,,,,,,,,,,,,,,,,,,,,,,,,,,,,,0.37,0.16,1,1.02,0.04,1.31,0.2, ,9,484, ,39, ,33,,,,,16,11.3,0,1.03,1.6,22,39.1,2.4,4.5,3248,,,,,,,,,,,,,,,,,,,,,,,,
85,Salmon Protein Hydrolysate,51.11,P359,5-18-778,91.99,90.79, ,2.12, ,4.77,4713,4173,3556,2129,,,,,,,,,,,,,,,90.79,5.33,1.55,2.11,3.97,4.96,1.84,2.08,2.68,0.44,2.69,5.77,6.05,0.41,9.82,11.18,5.74,2.85,1.34,,,,,,,,,,,,,,,,,,,,,,,,,,,,,,,,,,,,,,,0.09, ,1.79,0.07, ,0.84, , , ,6.29, , , ,54.13,,,,,,,,,,,,,,,,,,,,,,,,,,,,,,,,,,,,,,
86,Sesame Meal,N/A,N/A,5-04-220,93,42.6, ,7.5,,,4702,3350,3060,1972,,,,,,,1.8,18,13.2,,,,,,42.6,4.86,0.98,1.47,2.74,1.01,1.15,1.77,1.44,0.54,1.87,1.62,2.3,0.82,6.53,1.65,1.23,1.5,1.52,81,94,76,85,85,76,90,89,78,85,84,82,82,86,83,80,78,81,87, ,96,84,87,92,85,92,93,90,85,89,84,84,92,84,84,84,84,91,1.7,0.07,1.1,0.54,0.04,1.18,0.56, ,34,93, ,53,0.21,100,0.89,29,42,0.2,1,12.5,0,0.24, ,30,6,3.6,2.8,1536,,0,0.25,8.94,0.3,4.21,37.29,43.03,0.76, ,0,0.14, ,,,,,,,13.4,37.73,43.79,113.86,85.4
87,Sorghum,42.1,P354,4-04-379,89.39,9.36,2.14,3.42,2.12,1.64,3881,3596,3532,2780,0,0,0,0,0, ,70.05,10.63,4.93, ,0.44,4.35, , ,9.36,0.36,0.21,0.36,1.21,0.2,0.16,0.48,0.3,0.07,0.46,0.84,0.6,0.18,1.84,0.31,0.74,0.39,0.32,63,68,64,69,78,53,74,76,54,65,66,73,66,56,74,34,46,66,69,77,80,74,78,83,74,79,83,75,74,77,79,79,67,81,67,74,81,75,0.02,0.09,0.35,0.15,0.01,0.27,0.08, ,5,45, ,15,0.2,15,0.18,30,40,,5,5.2,0,0.26,0.17,41,12.4,1.3,3,668,3.3,0.21,0.27,12.33,0.88,1.06,29.21,39.55,1.97, ,0,0, , , , ,, , ,13.88,30.09,41.52,104.08,34.35
88,"Sorghum, Distillers Dried Grains with Solubles",27.6,P343,5-04-375,89.84,30.8,7.06,9.75, ,6.62,4860,3878,3669,2394,,,,,,,0,33.6,22.68,,,,,,30.8,1.1,0.71,1.29,4.01,0.82,0.54,1.68,1.06,0.25,1.65,2.9,2.17,0.53,6.31,1.03,2.5,1.4,,65,70,69,72,76,59,75,74,64,67,71,72,65,63,75,41,35,68, ,73,79,72,74,77,64,77,77,70,72,74,75,69,67,77,69,74,78,,0.12, , , , ,0.76,,,,,,,,,,,,,,,,,,,,,,,,,,,,,,,,,,,,,,,,,,,,,,
89,Soybean Hulls,84.3,P390,1-04-560,90.59,10.27,35.75,1.29,1.71,4.46,4210,2008,1938,989,,,,,,,3.65,59.39,41.55,,,,,,10.27,0.6,0.29,0.38,0.76,0.66,0.14,0.46,0.39,0.09,0.51,0.48,1.2,0.2,1.3,0.82,0.47,0.62,0.51,44,74,47,56,59,51,60,62,47,49,50,44,47,51,45,43,34,43,56, ,82,56,67,68,58,70,71,62,62,61,54,54,63,54,54,54,54,63,0.54, , , , ,0.12, ,,,,,,,,0.08,20,33,,,,,,,,,,,,2.2,0,0.1,9.98,0.19,3.61,20.62,50.45,7.03,0,0,0,0,0,0,0,0,,0,13.68,20.81,57.48,129.24,28.43
90,"Soybean Meal, Dehulled, Expelled",84.71,P392,N/A,95.57,45.13,3.3,6.64, ,6.24,4710,4210,3903,2598,,,,,,,1.89, ,6.33,,,,,,45.13,3.02,1.14,1.9,3.21,2.79,0.6,2.15,1.73,0.69,2.01,1.88,4.73,0.72,7.35,1.82,2.16,2.11,1.47,81,90,86,85,85,86,80,86,76,87,83,81,85,79,88,72,70,82,84,89,95,90,89,88,90,85,89,84,89,88,88,88,87,91,91,131,88,87,,,,,,,,,,,,,,,,,,,,,,,,,,,,,1.9,0,0.08,7.88,0.15,2.85,16.28,39.83,5.55,0,0,0,0,0,0,0,0,,0,10.8,16.43,45.38,102.03,19.39
91,"Soybean Meal, Dehulled, Solvent Extracted",84.7,P391,5-04-612,89.98,47.73,3.89,1.52,2.86,6.27,4256,3619,3294,2087,0,4.3,3.78,7.33,0,3.81,1.89,8.21,5.28,3.9,1.1,16.7, , ,47.73,3.45,1.28,2.14,3.62,2.96,0.66,2.4,1.86,0.66,2.23,2.06,5.41,0.7,8.54,1.99,2.53,2.36,1.59,82,92,87,87,86,87,88,86,80,88,83,80,85,79,87,75,79,84,84,87,94,90,89,88,89,90,88,85,91,87,85,87,84,89,84,113,89,88,0.33,0.49,2.24,0.27,0.08,0.71,0.4, ,15.13,98.19, ,35.49,0.27,48.81,0.38,39,48,0.2,0.07,6.4,0,0.26,1.37,22,15,3.1,3.2,2731,1.5,0,0.08,7.88,0.15,2.85,16.28,39.83,5.55,0,0,0,0,0,0,0,0,,0,10.8,16.43,45.38,102.03,15.3
92,"Soybean Meal, Enzyme Treated",84.63,P392,N/A,92.7,55.62,4.06,1.82, ,7.05,4451,3914,3536,,,,,,,,,,,,,,,,55.62,3.95,1.41,2.48,4.09,3.2,0.71,2.78,2.13,0.72,2.57,2.41,6.14,0.78,9.62,2.32,2.73,2.66,2.03,82,92,87,86,86,83,88,83,78,80,84,82,83,68,86,76,73,83,86,88,96,90,89,89,86,91,86,83,83,89,86,86,73,88,89,112,87,92,0.31, , , , ,0.75, ,,,,,,,, ,60,66,,,,,,,,,,,,,,,,,,,,,,,,,,,,,,,,,,,
93,"Soybean Meal, Expelled",84.6,P391,5-04-600,93.85,44.56,5.6,5.69,9.87,5.7,4692,3876,3573,2344, ,7.1,0.77,4.88, , ,1.89,13.84,7.35,,,,,,44.56,3.13,1.17,1.97,3.29,2.85,0.56,2.19,1.73,0.67,2.06,1.89,4.84,0.7,7.56,1.89,2.16,2.11,1.5,84,93,88,88,88,89,88,89,79,88,86,83,86,78,88,71,81,85,87,89,96,91,91,89,90,91,90,85,89,88,88,88,83,90,84,111,89,89,0.28, , , , ,0.66,,,,,,,,, ,39,48,,,,,,,,,,,,1.9,0,0.08,7.88,0.15,2.85,16.28,39.83,5.55,0,0,0,0,0,0,0,0,,0,10.8,16.43,45.38,102.03,19.39
94,"Soybean Meal, Fermented",N/A,N/A,N/A,92.88,54.07,3.46,2.3, ,6.98,4533,3975,3607,,,,,,,,,,,,,,,,54.07,3.7,1.37,2.55,4.25,3.14,0.75,2.87,2.09,0.69,2.67,2.45,5.98,0.77,9.12,2.34,2.74,2.51,2.08,72,87,79,79,79,72,85,77,68,75,75,74,75,58,76,60,63,75,84,79,90,81,82,82,75,88,80,73,78,80,79,78,64,78,75,109,80,88,0.29, , , , ,0.8,,,,,,,,, ,60,66,,,,,,,,,,,,,,,,,,,,,,,,,,,,,,,,,,,
95,"Soybean Meal, High Protein, Dehulled, Solvent Extracted",84.7,P391,5-04-612,88.66,51.17,3.62,1.1, ,6.19,4378,3717,3369,2137, ,4.28,0.68,3.12, , ,1.89,5.5,2.95,,,,,,51.17,3.78,1.31,2.36,3.87,3.11,0.68,2.59,1.92,0.68,2.48,2.16,5.81,0.79,9.18,2.13,2.84,2.42,1.98,80,90,86,82,83,85,87,82,76,83,81,80,82,74,85,77,81,81,84,85,92,88,84,85,87,89,84,81,85,84,84,84,78,87,88,104,84,88,0.56, , , , ,0.77,,,,,,,,, ,39,48,,,,,,,,,,,,,,,,,,,,,,,,,,,,,,,,,,,
96,"Soybean Meal, High Protein, Expelled",84.6,P391,5-04-600,94.5,55.97, ,5.13,,,4784,3717,3336,2129, ,4.91,0.67,4.58, , ,1.89,9.99,6.3,,,,,,55.97,4.13,1.39,2.42,4.09,3.33,0.72,2.71,1.96,0.71,2.59,2.21,6.1,0.8,9.82,2.27,2.74,2.5,1.88,83,93,89,89,89,89,89,90,81,87,86,83,86,77,87,73,80,86,87,91,97,93,92,92,93,92,93,89,92,91,91,89,84,89,82,121,92,91,0.29, , , , ,0.63,,,,,,,,, ,39,48,,,,,,,,,,,,,,,,,,,,,,,,,,,,,,,,,,,
97,"Soybean Meal, Low Oligosaccharide, Dehulled, Solvent Extracted",84.7,P391,5-04-612,88.64,51.84,3.1,1.14, ,6.7,3985,,,, ,6.38,0.13,0.43, ,0.5, ,6.3,2.55,3.75,,,,,51.84,,,,,,,,,,,,,,,,,,,82,,,,,,,,,,,,,,,,,,,87,,,,,,,,,,,,,,,,,,,,,,,,,,,,,,,,,0.29,,,,,,,,,,,,,,,,,,,,,,,,,,,,,,,,,,,,,
98,"Soybean Meal, Low Oligosaccharide, Expelled",84.6,P391,5-04-600,94.6,49.33, ,4.62,,,4737,3679,3344,2151, ,7.1,0.18,1.55, , ,1.89,9.98,6.81,,,,,,49.33,3.77,1.29,2.24,3.75,3.12,0.68,2.47,1.81,0.66,2.43,2.07,5.66,0.78,8.94,2.11,2.47,2.24,1.71,84,94,90,89,89,89,89,90,81,88,86,83,86,79,87,72,82,86,87,92,98,93,93,93,93,92,93,88,93,91,90,90,85,90,90,124,92,91,0.29, , , , ,0.63,,,,,,,,,,39,48,,,,,,,,,,,,,,,,,,,,,,,,,,,,,,,,,,,
99,"Soybean Meal, Solvent Extracted",84.61,P391,5-04-600,88.79,43.9,6.6,1.24, ,6.38,4257,3681,3382,2148, ,7.63,0.9,4.32,0.12, ,1.89,9.82,6.66, , ,17.5, , ,43.9,3.17,1.26,1.96,3.43,2.76,0.6,2.26,1.76,0.59,1.93,1.92,4.88,0.68,7.87,1.89,2.43,2.14,1.55,80,90,84,84,83,85,85,85,78,85,79,79,83,76,86,70,74,81,83,85,92,86,88,86,88,89,87,83,90,84,86,86,84,88,83,98,89,86,0.35,0.05,1.96,0.29,0.01,0.64,0.39, ,17.38,235, ,40.64,0.32,50,0.36,39,48,0.2,2.3,6,0,0.27,1.37,34,16,2.9,4.5,2794,1.22,0,0.25,8.2,0.25,2.79,16.89,38.52,5.16, ,0,0, , , , ,, , ,11.23,17.13,43.69,99.26,12.11
100,"Soybeans, Full Fat",84.1,P390,5-04-596,92.36,37.56,4.07,20.18,15.03,4.89,5227,4193,3938,2874, ,6.42,0.77,3.89,0.03, ,1.89,10,6.17, , ,31.5, , ,37.56,2.45,0.88,1.6,2.67,2.23,0.55,1.74,1.42,0.49,1.73,1.59,3.89,0.59,6.05,1.52,1.65,1.67,1.2,74,84,78,75,75,79,75,77,71,79,73,74,78,70,81,69,70,75,77,79,87,81,78,78,81,80,79,76,82,77,79,80,76,84,81,100,79,81,0.31,0.03,1.64,0.28,0.03,0.53,0.3, ,16,80, ,30,0.11,39,0.33,39,48,1.9,18.1,10.8,0,0.24,3.6,22,15,2.6,11,2307,21.62,0,0.28,10.62,0.28,3.57,21.81,49.79,6.67, ,0,0, , , , ,, , ,14.46,22.09,56.46,128.24,277.25
101,"Soybeans, High Protein, Full Fat",84.1,P390,5-04-596,92.38,42.77, ,15.59,,,5306,,,, ,4.75,0.85,4.01, , , ,8.24,5.4,,,,,,42.77,3.16,1.07,1.51,3.34,2.5,0.57,2.25,1.57,0.48,1.76,1.88,5.15,0.61,8.12,1.89,2.11,2.04,1.51,82,93,88,88,87,88,88,89,78,85,84,82,87,75,88,68,61,84,88,92,97,92,92,91,92,92,93,87,89,90,90,91,83,91,91,124,91,92,0.28, , , , ,0.65,,,,,,,,,,39,48,,,,,,,,,,,,,,,,,,,,,,,,,,,,,,,,,,,
102,"Soybeans, Low Oligosaccharide, Full Fat",84.1,P390,5-04-596,94.4,39.3, ,17.7,,,5282,,,, ,5.8,0.1,1.4, , , ,10.3,7.5,,,,,,39.3,2.79,1.02,1.88,3.01,2.56,0.56,1.96,1.44,0.61,1.96,1.66,4.45,0.65,6.83,1.67,1.92,1.67,1.4,82,93,90,88,88,90,90,89,83,84,85,85,89,81,90,77,70,87,88,89,96,92,91,91,93,92,92,88,87,90,90,92,85,92,90,102,91,91,0.36, , , , ,0.6, ,,,,,,,,,39,48,,,,,,,,,,,,,,,,,,,,,,,,,,,,,,,,,,,
103,Soy Protein Concentrate,84.12,P390,5-32-183,92.64,65.2,3.42,1.05,0.65,6.11,4605,4260,3817,2376, ,0.67,0.46,0.91, ,2.46,1.89,8.1,4.42, , ,18.9,,,65.2,4.75,1.7,2.99,5.16,4.09,0.87,3.38,2.52,0.81,3.14,2.82,7.58,0.9,12.02,2.75,3.58,3.33,2.26,85,93,89,89,89,89,90,88,82,85,87,85,86,75,90,79,77,88,89,89,95,91,91,91,91,92,90,86,88,90,89,88,79,91,88,102,91,93,0.32, , , , ,0.82,,,,,,,,,,39,48,,,,,,,,,,,,0.46,0,0.22,8.26,0.22,2.83,16.96,38.48,5.22, ,0,0, , , , ,, , ,11.3,17.17,43.7,99.36,4.57
104,Soy Protein Isolate,84.62,P392,5-24-811,93.71,84.78,0.17,2.76, ,4.17,5386,4150,3573,2187, ,0.13, , , ,0.37,1.89,0.19,0,,,,,,84.78,6.14,2.19,3.83,6.76,5.19,1.11,4.4,3.09,1.13,4.02,3.54,9.64,0.98,16,3.54,4.45,4.37,3.08,84,93,86,86,88,90,84,87,79,84,83,86,90,74,93,80,83,90,86,89,94,88,88,89,91,86,88,83,87,86,90,92,79,94,89,113,93,88,0.17,0.02,0.16,0.05,1.14,0.75, , ,12.9,15.61, ,11.9,0.14,40.26,,39,48,,,5.4,0,0.3,2.5,6,4.2,1.7,0.3,2,3.39,0,0.24,9.14,0.24,3.07,18.79,42.86,5.75, ,0,0, , , , ,, , ,12.45,19.03,48.61,110.42,37.43
105,Sugar Beet Pulp,63.36,P380,4-00-669,87.6,9.1, ,0.97, ,6.7,4039,2865,2803,1734,,,,,,,0,44.9,23.5,,,,,,9.1,0.32,0.23,0.31,0.53,0.52,0.07,0.3,0.38,0.1,0.45,0.43,0.73,0.06,0.89,0.38,0.41,0.44,0.4,34,44,46,41,44,48,52,38,16,36,32,36,16,31,46,24,21,20,46, ,54,56,55,54,54,61,49,29,47,42,47,26,46,59,46,46,34,52,0.81,0.1,0.61,0.22,0.2,0.09,0.31, ,11,411, ,46,0.09,12,,50,63,10.6,13.2,1.9,0, , ,18,1.3,0.7,0.4,1734,,,,,,,,,,,,,,,,,,,,,,,,
106,"Sunflower, Full Fat",71.221,P386,5-30-032,96.83,16.6,13.1,42.69, ,3.25,6163,4517,4404,3561,,,,,,,2.04,23.23,16.93, ,4.52,,,,16.6,1.72,0.55,0.9,1.36,0.54,0.39,1.02,0.85, ,0.94,0.95,2.13,0.24,4.54,1.24, ,1,0.55,,,,,,,,,,,,,,,,,,,, ,89,84,81,83,77,85,84,76,77,78, ,,73,, ,,,86,0.3, , , , ,0.2,,,,,,,,,,20,29,,,,,,,,,,,,49.57,0,0.1,5.64,0.1,4.44,18.87,65.83,0.14, ,0,0.1, , , , ,, , ,10.18,19.07,65.97,136.66,677.44
107,"Sunflower Meal, Dehulled, Solvent Extracted",71.211,P386,5-30-034,90.4,39.86,18.44,2.9, ,6.06,4415,2840,2569,1482,0,0,0,0,0, ,2.08,30.24,23,,,,,,39.86,3.32,0.93,1.54,2.47,1.45,0.78,1.63,1.37,0.48,1.76,1.63,3.55,0.48,8.25,2.09,2.01,1.66,0.81,76,91,82,78,77,75,84,79,72,73,76,68,74,77,84,63,63,72,72,81,93,85,80,80,78,89,81,77,80,79,72,77,82,86,70,81,76,84,0.39,0.04,1.27,0.75,0.04,1.16,0.38, ,25,200, ,35,0.32,98,0.89,20,29,,9.1,13.7,0,1.45,1.14,220,24,3.6,3.5,3150,1.7,0,0.15,4.73,0.3,3.23,15.23,48.68,0.23,0,0,0,0,0,0,0,0,0,0,8.1,15.53,48.9,102.69,17.46
108,"Sunflower Meal, Solvent Extracted",71.221,P386,5-30-032,87.93,30.7,23.4,3.06, ,5.97,4086,2010,1801,937,0,0,0,0,0, ,2.03,36.82,28.67, ,7.54,,,,30.7,2.53,0.78,1.29,1.96,1.13,0.74,1.39,1.17,0.39,1.51,1.32,2.68,0.53,6.12,1.76,1.29,1.36,0.7,77,91,80,79,79,76,88,83,75,80,76,74,80,76,86,65,79,76,83,83,93,83,82,82,80,90,86,80,84,79,80,84,80,88,74,87,81,88,0.38,0.1,1.07,0.68,0.02,0.95,0.3, ,26,254, ,41,0.5,66,0.84,20,29,,9.1,11.1,0,1.4,1.14,264,29.9,3,3,3791,1.61,0,0.06,4.6,0.06,3.66,15.47,53.91,0.12, ,0,0.06, , , , ,, , ,8.32,15.59,54.04,111.93,18.02
109,Triticale,N/A,N/A,4-20-362,88.48,13.6,2.54,1.77, ,2.95,4316,3320,3228,2507,0,0,0,0,0, ,64.31,10.28,3.45, ,0.77,,,,13.6,0.73,0.31,0.45,0.86,0.46,0.24,0.52,0.41,0.16,0.59,0.54,0.8,0.29,3.75,0.56,1.06,0.64,0.39,79,81,80,79,81,74,83,81,64,76,77,72,75,80,89,67,82,77,79,87,85,82,83,85,78,89,85,70,82,82,78,80,83,91,83,104,82,82,0.04,0.03,0.46,0.1,0.03,0.33,0.15, ,8,31, ,43, ,32,0.21,50,56,,1.7,,,,,,,0.4,,462,2.09,0.67,0.43,13.11,0.86,1.48,8.52,40.81,2.92, ,0,0.72, , , , ,, , ,15.69,10.1,43.73,90.95,19.01
110,Triticale Distillers Dried Grains with Solubles,N/A,N/A,N/A,89.3,27.42, ,4.82, ,3.93,,,,,,,,,,,,26.43,12.23,,,,,,27.42,,,,,,,,,,,,,,,,,,,,,,,,,,,,,,,,,,,,,,,,,,,,,,,,,,,,,,,,,0.06, ,0.88,0.29,0.01,0.7,0.29,,,,,,,,,56,61,,,,,,,,,,,,,,,,,,,,,,,,,,,,,,,,,,,
111,"Wheat, Hard Red",N/A,N/A,4-05-258,88.67,14.46,2.57,1.82,2.51,1.98,3788,3313,3215,2472,0,0,0,0,0, ,59.5,10.6,3.55, ,0.97,9.83,6.81,2.34,14.46,0.6,0.34,0.47,0.91,0.39,0.22,0.64,0.4,0.17,0.58,0.47,0.71,0.33,3.88,0.57,1.36,0.6,0.36,77,83,83,82,83,72,83,85,71,82,79,72,73,83,88,70,78,81,80,88,91,88,89,89,82,88,90,84,88,88,83,84,89,93,92,105,89,88,0.06,0.06,0.49,0.16,0.01,0.39,0.16, ,3,71, ,33.3,0.33,31,0.22,46,56,0.4,11.6,3.4,0,0.11,0.22,48,9.9,1.4,4.5,778,1.54,0,0.06,15.19,0.52,0.84,12.47,38.96,1.75, ,0,0, , , , ,, , ,16.1,12.99,40.71,87.03,13.4
112,"Wheat, Soft Red",N/A,N/A,4-05-294,86.38,10.92, ,1.36, ,1.99,4295,3450,3376,2595,,,,,,,60.04, ,3.55, , ,9.9,6.63,3.27,10.92,0.52,0.28,0.34,0.68,0.35,0.22,0.52,0.35,0.14,0.47,0.42,0.58,0.3,2.92,0.49,1.04,0.44,0.3, ,83,84,84,85,73,85,87,72,81,80, , ,84, , , , ,84, ,89,90,90,87,82,90,91,85,88,87, ,,90,,,,,88,0.03,0.08,0.46,0.11,0.01,0.3,0.16, ,8,32, ,38,0.28,47,0.2,46,56,,,2.2,0,0.11,0.35,48,9.9,1.4,4.5,1092,1.56,0,0.13,17.37,0.51,0.9,10.9,40.26,1.79, ,0,0, , , , ,, , ,18.4,11.41,42.05,88.07,13.74
113,Wheat Bran,93.1,P407,4-05-190,87.38,15.08,7.77,4.72, ,4.16,4010,2420,2318,1646,0,0,0,0,0, ,22.56,32.28,11,,,,,,15.08,0.77,0.39,0.47,0.8,0.52,0.22,0.49,0.6,0.22,0.66,1.79,3.38,0.74,5.03,1.44,0,1.52,0.69,69,78,68,72,61,61,67,74,48,59,70,52,63,70,84,57,80,67,51,78,90,76,75,73,73,72,83,64,73,79,58,66,77,84,67,87,73,56,0.1,0.07,1.26,0.52,0.04,0.99,0.22, ,14,170, ,113,0.51,100,0.88,46,56,1,16.5,12,0,0.36,0.63,186,31,4.6,8,1232,4.25,0.05,0.16,13.08,0.4,0.87,14.56,47.98,3.93, ,0,0,0.12, , , , , , ,14.16,14.96,52.02,111.46,47.37
114,Wheat Distillers Dried Grains with Solubles,27.6,P343,5-05-194,92.59,36.61,6.75,5.34,5.09,4.57,4650,3151,2902,1847,,,,,,,1.78,34.7,13.81, ,4.45,,,,36.61,1.41,0.76,1.25,2.45,0.73,0.52,1.67,1.13,0.37,1.6,1.35,1.85,0.61,9.59,1.48,3.34,1.69,1.06,69,76,72,69,77,44,70,82,64,72,69,64,52,69,79,59,68,71,77,75,82,75,73,80,51,78,84,71,77,73,70,59,76,87,72,90,77,81,0.16, ,1.06,0.39,0.28,0.92,0.44,,,,,,,,0.21,56,61,,,,,,,,,,,,6.5,0,0.07,11.57,0.26,0.52,9.88,36.66,3.84,0,0,0.85,0,0,0,0,0,0,0,12.16,10.99,40.5,86.66,56.33
115,Wheat Gluten,N/A,N/A,N/A,,72.11,,,,,,,,,,,,,,,,,,,,,,,72.11,2.67,1.66,2.66,5.06,1.27,1.08,3.91,2.42,1.03,2.88,2.12,3.08,1.48,23.87,2.74,9.67,4.07,2.42,89,83,86,86,90,78,83,88,68,76,83,72,71,70,75,67,68,69,72,91,85,87,87,91,80,85,89,72,83,85,79,79,76,79,79,79,79,79,,,,,,,,,,,,,,,,,,,,,,,,,,,,,4,0,0.07,11.57,0.26,0.52,9.88,36.66,3.84,0,0,0.85,0,0,0,0,0,0,0,12.16,10.99,40.5,86.66,34.67
116,Wheat Middlings,93.5,P407,4-05-205,89.1,15.76,5.15,3.15,2.35,2.05,3901,3075,2968,2113,0,0,0,0,0, ,21.83,34.97,5.98,,,,,,15.76,1.1,0.44,0.51,1.03,0.65,0.25,0.64,0.53,0.19,0.72,0.6,1.04,0.35,3.1,0.69,1.72,0.81,0.29, ,87,80,77,75,73,78,79,62,76,74,71,73,71,87,65,79,75,77, ,91,84,79,80,78,82,84,73,81,81,77,79,76,91,75,89,84,83,0.11,0.04,1.06,0.41,0.05,0.98,0.17, ,10,84, ,100,0.53,92,0.61,46,56,3,20.1,9,0,0.33,0.76,72,15.6,1.8,16.5,1187,3.6,0,0.08,14.24,0.32,0.64,12.16,45.12,4.72,0,0,1.04,0,0,0,0,0,0,0,14.96,13.52,49.84,106.66,38.4
117,Wheat Screenings,81.1,P389,4-05-216,89.88,14.91,,5.73,,,,,,,,1.69,,,,,46.91,,,,,19.22,,,14.91,,,,,,,,,,,,,,,,,,,,,,,,,,,,,,,,,,,,,,,,,,,,,,,,,,,,,,,,,,,,,,,,,,,,,,,,,,,,,,,,,,,,,,,,,,,,,,,,,,,,,,,,,,,,
118,Wheat Shorts,93.6,P408,4-05-201,87.9,16.76, ,4.6,,,4505,2985,2871,2074,,,,,,,28.6,29.5,8.6,,,,,,16.76,1.07,0.42,0.53,0.97,0.59,0.27,0.62,0.51,0.22,0.76,0.91,1.11,0.43,3.07,0.83, ,0.63,0.26,53,86,82,77,72,62,81,82,72,77,76,67,66,60,85,62, ,67,78,62,88,84,81,83,76,84,84,76,84,81,74,73,82,89,80, ,75,84,0.08,0.04,1.06,0.25,0.02,0.93,0.2, ,12,100, ,89,0.75,100, ,46,56,,,7.2,0,0.24,1.4,107,22.3,3.3,18.1,1170,3.5,0,0.08,14.24,0.32,0.64,12.16,45.12,4.72,0,0,1.04,0,0,0,0,0,0,0,14.96,13.52,49.84,106.66,37.33
119,"Yeast, Brewers'",96.4,P408,7-05-527,93.3,46.52, ,2.05,,,4461,4015,3699,2414,,,,,,,4.2,4,3,,,,,,46.52,2.2,1.09,2.15,3.13,3.22,0.74,1.83,2.2,0.56,2.39, ,,0.5,,,,,1.55, ,79,77,74,73,76,72,72,63,60,70, , ,38, , , , ,61, ,79,77,74,73,76,72,72,66,60,70, ,,48,,,,,64,0.16,0.12,1.8,0.23,0.1,1.4,0.4, ,2.7,38, ,8.8,1,76.6, ,80,85,,10,42.8,1,0.63,9.9,448,109,37,91.8,3984,,,,,,,,,,,,,,,,,,,,,,,,
120,"Yeast, Ethanol",N/A,N/A,N/A,93.3,46.52,,2.05,,,4648,4015,3699,2394,,,,,,,0,,3,,,,,,46.52,,,,,,,,,,,,,,,,,,,,,,,,,,,,,,,,,,,,,,,,,,,,,,,,,,,,,,,,,0.29,,,,,0.68,,,,,,,,,,57,70,,,,,,,,,,,,,,,,,,,,,,,,,,,,,,,,,,,
121,"Yeast, Single Cell Protein",N/A,N/A,N/A,93.3,36.25, ,2.05,,,3725,4166,3920,2593,,,,,,,0,,3,,,,,,36.25,1.45,0.71,1.36,1.81,2.58,0.84,1.18,1.42, ,1.53,1.45,2.3,,3.56,1.31,1.1,1.26,0.61,66,73,64,57,59,73,87,51,51, ,55,51,52, ,60,48,55,56,60,69,75,66,59,61,74,88,53,54, ,58,52,55,,62,56,65,60, ,,,,,,1.54,,,,,,,,,,70,75,,,,,,,,,,,,,,,,,,,,,,,,,,,,,,,,,,,
122,"Yeast, Torula",96.7,P408,7-05-534,93.3,51.17,,2.05,,,4718,4015,3667,2351,,,,,,,0,,3,,,,,,51.17,2.99,1.02,2.26,3.41,3.39,0.64,2,2.28,0.59,2.72, ,,0.52,,,,,1.65,,,,,,,,,,,,,,,,,,,,,,,,,,,,,,,,,,,,,,,0.58,0.12,1.94,0.2,0.07,1.52,0.55, ,17,222, ,13,0.01,99,,,,,,36.3,,0.58,22.4,492,84.2,49.9,6.2,2881,,,,,,,,,,,,,,,,,,,,,,,,
